firstName,lastName,gender,dob,username,mobile,password,countryId
TTT101,Test,Male,1988-01-05,TTT101@yopmail.com,9756256101,Test@123,1
TTT102,Test,Male,1988-01-05,TTT102@yopmail.com,9756256102,Test@123,1
TTT103,Test,Male,1988-01-05,TTT103@yopmail.com,9756256103,Test@123,1
TTT104,Test,Male,1988-01-05,TTT104@yopmail.com,9756256104,Test@123,1
TTT105,Test,Male,1988-01-05,TTT105@yopmail.com,9756256105,Test@123,1
TTT106,Test,Male,1988-01-05,TTT106@yopmail.com,9756256106,Test@123,1
TTT107,Test,Male,1988-01-05,TTT107@yopmail.com,9756256107,Test@123,1
TTT108,Test,Male,1988-01-05,TTT108@yopmail.com,9756256108,Test@123,1
TTT109,Test,Male,1988-01-05,TTT109@yopmail.com,9756256109,Test@123,1
TTT110,Test,Male,1988-01-05,TTT110@yopmail.com,9756256110,Test@123,1
TTT111,Test,Male,1988-01-05,TTT111@yopmail.com,9756256111,Test@123,1
TTT112,Test,Male,1988-01-05,TTT112@yopmail.com,9756256112,Test@123,1
TTT113,Test,Male,1988-01-05,TTT113@yopmail.com,9756256113,Test@123,1
TTT114,Test,Male,1988-01-05,TTT114@yopmail.com,9756256114,Test@123,1
TTT115,Test,Male,1988-01-05,TTT115@yopmail.com,9756256115,Test@123,1
TTT116,Test,Male,1988-01-05,TTT116@yopmail.com,9756256116,Test@123,1
TTT117,Test,Male,1988-01-05,TTT117@yopmail.com,9756256117,Test@123,1
TTT118,Test,Male,1988-01-05,TTT118@yopmail.com,9756256118,Test@123,1
TTT119,Test,Male,1988-01-05,TTT119@yopmail.com,9756256119,Test@123,1
TTT120,Test,Male,1988-01-05,TTT120@yopmail.com,9756256120,Test@123,1
TTT121,Test,Male,1988-01-05,TTT121@yopmail.com,9756256121,Test@123,1
TTT122,Test,Male,1988-01-05,TTT122@yopmail.com,9756256122,Test@123,1
TTT123,Test,Male,1988-01-05,TTT123@yopmail.com,9756256123,Test@123,1
TTT124,Test,Male,1988-01-05,TTT124@yopmail.com,9756256124,Test@123,1
TTT125,Test,Male,1988-01-05,TTT125@yopmail.com,9756256125,Test@123,1
TTT126,Test,Male,1988-01-05,TTT126@yopmail.com,9756256126,Test@123,1
TTT127,Test,Male,1988-01-05,TTT127@yopmail.com,9756256127,Test@123,1
TTT128,Test,Male,1988-01-05,TTT128@yopmail.com,9756256128,Test@123,1
TTT129,Test,Male,1988-01-05,TTT129@yopmail.com,9756256129,Test@123,1
TTT130,Test,Male,1988-01-05,TTT130@yopmail.com,9756256130,Test@123,1
TTT131,Test,Male,1988-01-05,TTT131@yopmail.com,9756256131,Test@123,1
TTT132,Test,Male,1988-01-05,TTT132@yopmail.com,9756256132,Test@123,1
TTT133,Test,Male,1988-01-05,TTT133@yopmail.com,9756256133,Test@123,1
TTT134,Test,Male,1988-01-05,TTT134@yopmail.com,9756256134,Test@123,1
TTT135,Test,Male,1988-01-05,TTT135@yopmail.com,9756256135,Test@123,1
TTT136,Test,Male,1988-01-05,TTT136@yopmail.com,9756256136,Test@123,1
TTT137,Test,Male,1988-01-05,TTT137@yopmail.com,9756256137,Test@123,1
TTT138,Test,Male,1988-01-05,TTT138@yopmail.com,9756256138,Test@123,1
TTT139,Test,Male,1988-01-05,TTT139@yopmail.com,9756256139,Test@123,1
TTT140,Test,Male,1988-01-05,TTT140@yopmail.com,9756256140,Test@123,1
TTT141,Test,Male,1988-01-05,TTT141@yopmail.com,9756256141,Test@123,1
TTT142,Test,Male,1988-01-05,TTT142@yopmail.com,9756256142,Test@123,1
TTT143,Test,Male,1988-01-05,TTT143@yopmail.com,9756256143,Test@123,1
TTT144,Test,Male,1988-01-05,TTT144@yopmail.com,9756256144,Test@123,1
TTT145,Test,Male,1988-01-05,TTT145@yopmail.com,9756256145,Test@123,1
TTT146,Test,Male,1988-01-05,TTT146@yopmail.com,9756256146,Test@123,1
TTT147,Test,Male,1988-01-05,TTT147@yopmail.com,9756256147,Test@123,1
TTT148,Test,Male,1988-01-05,TTT148@yopmail.com,9756256148,Test@123,1
TTT149,Test,Male,1988-01-05,TTT149@yopmail.com,9756256149,Test@123,1
TTT150,Test,Male,1988-01-05,TTT150@yopmail.com,9756256150,Test@123,1
TTT151,Test,Male,1988-01-05,TTT151@yopmail.com,9756256151,Test@123,1
TTT152,Test,Male,1988-01-05,TTT152@yopmail.com,9756256152,Test@123,1
TTT153,Test,Male,1988-01-05,TTT153@yopmail.com,9756256153,Test@123,1
TTT154,Test,Male,1988-01-05,TTT154@yopmail.com,9756256154,Test@123,1
TTT155,Test,Male,1988-01-05,TTT155@yopmail.com,9756256155,Test@123,1
TTT156,Test,Male,1988-01-05,TTT156@yopmail.com,9756256156,Test@123,1
TTT157,Test,Male,1988-01-05,TTT157@yopmail.com,9756256157,Test@123,1
TTT158,Test,Male,1988-01-05,TTT158@yopmail.com,9756256158,Test@123,1
TTT159,Test,Male,1988-01-05,TTT159@yopmail.com,9756256159,Test@123,1
TTT160,Test,Male,1988-01-05,TTT160@yopmail.com,9756256160,Test@123,1
TTT161,Test,Male,1988-01-05,TTT161@yopmail.com,9756256161,Test@123,1
TTT162,Test,Male,1988-01-05,TTT162@yopmail.com,9756256162,Test@123,1
TTT163,Test,Male,1988-01-05,TTT163@yopmail.com,9756256163,Test@123,1
TTT164,Test,Male,1988-01-05,TTT164@yopmail.com,9756256164,Test@123,1
TTT165,Test,Male,1988-01-05,TTT165@yopmail.com,9756256165,Test@123,1
TTT166,Test,Male,1988-01-05,TTT166@yopmail.com,9756256166,Test@123,1
TTT167,Test,Male,1988-01-05,TTT167@yopmail.com,9756256167,Test@123,1
TTT168,Test,Male,1988-01-05,TTT168@yopmail.com,9756256168,Test@123,1
TTT169,Test,Male,1988-01-05,TTT169@yopmail.com,9756256169,Test@123,1
TTT170,Test,Male,1988-01-05,TTT170@yopmail.com,9756256170,Test@123,1
TTT171,Test,Male,1988-01-05,TTT171@yopmail.com,9756256171,Test@123,1
TTT172,Test,Male,1988-01-05,TTT172@yopmail.com,9756256172,Test@123,1
TTT173,Test,Male,1988-01-05,TTT173@yopmail.com,9756256173,Test@123,1
TTT174,Test,Male,1988-01-05,TTT174@yopmail.com,9756256174,Test@123,1
TTT175,Test,Male,1988-01-05,TTT175@yopmail.com,9756256175,Test@123,1
TTT176,Test,Male,1988-01-05,TTT176@yopmail.com,9756256176,Test@123,1
TTT177,Test,Male,1988-01-05,TTT177@yopmail.com,9756256177,Test@123,1
TTT178,Test,Male,1988-01-05,TTT178@yopmail.com,9756256178,Test@123,1
TTT179,Test,Male,1988-01-05,TTT179@yopmail.com,9756256179,Test@123,1
TTT180,Test,Male,1988-01-05,TTT180@yopmail.com,9756256180,Test@123,1
TTT181,Test,Male,1988-01-05,TTT181@yopmail.com,9756256181,Test@123,1
TTT182,Test,Male,1988-01-05,TTT182@yopmail.com,9756256182,Test@123,1
TTT183,Test,Male,1988-01-05,TTT183@yopmail.com,9756256183,Test@123,1
TTT184,Test,Male,1988-01-05,TTT184@yopmail.com,9756256184,Test@123,1
TTT185,Test,Male,1988-01-05,TTT185@yopmail.com,9756256185,Test@123,1
TTT186,Test,Male,1988-01-05,TTT186@yopmail.com,9756256186,Test@123,1
TTT187,Test,Male,1988-01-05,TTT187@yopmail.com,9756256187,Test@123,1
TTT188,Test,Male,1988-01-05,TTT188@yopmail.com,9756256188,Test@123,1
TTT189,Test,Male,1988-01-05,TTT189@yopmail.com,9756256189,Test@123,1
TTT190,Test,Male,1988-01-05,TTT190@yopmail.com,9756256190,Test@123,1
TTT191,Test,Male,1988-01-05,TTT191@yopmail.com,9756256191,Test@123,1
TTT192,Test,Male,1988-01-05,TTT192@yopmail.com,9756256192,Test@123,1
TTT193,Test,Male,1988-01-05,TTT193@yopmail.com,9756256193,Test@123,1
TTT194,Test,Male,1988-01-05,TTT194@yopmail.com,9756256194,Test@123,1
TTT195,Test,Male,1988-01-05,TTT195@yopmail.com,9756256195,Test@123,1
TTT196,Test,Male,1988-01-05,TTT196@yopmail.com,9756256196,Test@123,1
TTT197,Test,Male,1988-01-05,TTT197@yopmail.com,9756256197,Test@123,1
TTT198,Test,Male,1988-01-05,TTT198@yopmail.com,9756256198,Test@123,1
TTT199,Test,Male,1988-01-05,TTT199@yopmail.com,9756256199,Test@123,1
TTT200,Test,Male,1988-01-05,TTT200@yopmail.com,9756256200,Test@123,1
TTT201,Test,Male,1988-01-05,TTT201@yopmail.com,9756256201,Test@123,1
TTT202,Test,Male,1988-01-05,TTT202@yopmail.com,9756256202,Test@123,1
TTT203,Test,Male,1988-01-05,TTT203@yopmail.com,9756256203,Test@123,1
TTT204,Test,Male,1988-01-05,TTT204@yopmail.com,9756256204,Test@123,1
TTT205,Test,Male,1988-01-05,TTT205@yopmail.com,9756256205,Test@123,1
TTT206,Test,Male,1988-01-05,TTT206@yopmail.com,9756256206,Test@123,1
TTT207,Test,Male,1988-01-05,TTT207@yopmail.com,9756256207,Test@123,1
TTT208,Test,Male,1988-01-05,TTT208@yopmail.com,9756256208,Test@123,1
TTT209,Test,Male,1988-01-05,TTT209@yopmail.com,9756256209,Test@123,1
TTT210,Test,Male,1988-01-05,TTT210@yopmail.com,9756256210,Test@123,1
TTT211,Test,Male,1988-01-05,TTT211@yopmail.com,9756256211,Test@123,1
TTT212,Test,Male,1988-01-05,TTT212@yopmail.com,9756256212,Test@123,1
TTT213,Test,Male,1988-01-05,TTT213@yopmail.com,9756256213,Test@123,1
TTT214,Test,Male,1988-01-05,TTT214@yopmail.com,9756256214,Test@123,1
TTT215,Test,Male,1988-01-05,TTT215@yopmail.com,9756256215,Test@123,1
TTT216,Test,Male,1988-01-05,TTT216@yopmail.com,9756256216,Test@123,1
TTT217,Test,Male,1988-01-05,TTT217@yopmail.com,9756256217,Test@123,1
TTT218,Test,Male,1988-01-05,TTT218@yopmail.com,9756256218,Test@123,1
TTT219,Test,Male,1988-01-05,TTT219@yopmail.com,9756256219,Test@123,1
TTT220,Test,Male,1988-01-05,TTT220@yopmail.com,9756256220,Test@123,1
TTT221,Test,Male,1988-01-05,TTT221@yopmail.com,9756256221,Test@123,1
TTT222,Test,Male,1988-01-05,TTT222@yopmail.com,9756256222,Test@123,1
TTT223,Test,Male,1988-01-05,TTT223@yopmail.com,9756256223,Test@123,1
TTT224,Test,Male,1988-01-05,TTT224@yopmail.com,9756256224,Test@123,1
TTT225,Test,Male,1988-01-05,TTT225@yopmail.com,9756256225,Test@123,1
TTT226,Test,Male,1988-01-05,TTT226@yopmail.com,9756256226,Test@123,1
TTT227,Test,Male,1988-01-05,TTT227@yopmail.com,9756256227,Test@123,1
TTT228,Test,Male,1988-01-05,TTT228@yopmail.com,9756256228,Test@123,1
TTT229,Test,Male,1988-01-05,TTT229@yopmail.com,9756256229,Test@123,1
TTT230,Test,Male,1988-01-05,TTT230@yopmail.com,9756256230,Test@123,1
TTT231,Test,Male,1988-01-05,TTT231@yopmail.com,9756256231,Test@123,1
TTT232,Test,Male,1988-01-05,TTT232@yopmail.com,9756256232,Test@123,1
TTT233,Test,Male,1988-01-05,TTT233@yopmail.com,9756256233,Test@123,1
TTT234,Test,Male,1988-01-05,TTT234@yopmail.com,9756256234,Test@123,1
TTT235,Test,Male,1988-01-05,TTT235@yopmail.com,9756256235,Test@123,1
TTT236,Test,Male,1988-01-05,TTT236@yopmail.com,9756256236,Test@123,1
TTT237,Test,Male,1988-01-05,TTT237@yopmail.com,9756256237,Test@123,1
TTT238,Test,Male,1988-01-05,TTT238@yopmail.com,9756256238,Test@123,1
TTT239,Test,Male,1988-01-05,TTT239@yopmail.com,9756256239,Test@123,1
TTT240,Test,Male,1988-01-05,TTT240@yopmail.com,9756256240,Test@123,1
TTT241,Test,Male,1988-01-05,TTT241@yopmail.com,9756256241,Test@123,1
TTT242,Test,Male,1988-01-05,TTT242@yopmail.com,9756256242,Test@123,1
TTT243,Test,Male,1988-01-05,TTT243@yopmail.com,9756256243,Test@123,1
TTT244,Test,Male,1988-01-05,TTT244@yopmail.com,9756256244,Test@123,1
TTT245,Test,Male,1988-01-05,TTT245@yopmail.com,9756256245,Test@123,1
TTT246,Test,Male,1988-01-05,TTT246@yopmail.com,9756256246,Test@123,1
TTT247,Test,Male,1988-01-05,TTT247@yopmail.com,9756256247,Test@123,1
TTT248,Test,Male,1988-01-05,TTT248@yopmail.com,9756256248,Test@123,1
TTT249,Test,Male,1988-01-05,TTT249@yopmail.com,9756256249,Test@123,1
TTT250,Test,Male,1988-01-05,TTT250@yopmail.com,9756256250,Test@123,1
TTT251,Test,Male,1988-01-05,TTT251@yopmail.com,9756256251,Test@123,1
TTT252,Test,Male,1988-01-05,TTT252@yopmail.com,9756256252,Test@123,1
TTT253,Test,Male,1988-01-05,TTT253@yopmail.com,9756256253,Test@123,1
TTT254,Test,Male,1988-01-05,TTT254@yopmail.com,9756256254,Test@123,1
TTT255,Test,Male,1988-01-05,TTT255@yopmail.com,9756256255,Test@123,1
TTT256,Test,Male,1988-01-05,TTT256@yopmail.com,9756256256,Test@123,1
TTT257,Test,Male,1988-01-05,TTT257@yopmail.com,9756256257,Test@123,1
TTT258,Test,Male,1988-01-05,TTT258@yopmail.com,9756256258,Test@123,1
TTT259,Test,Male,1988-01-05,TTT259@yopmail.com,9756256259,Test@123,1
TTT260,Test,Male,1988-01-05,TTT260@yopmail.com,9756256260,Test@123,1
TTT261,Test,Male,1988-01-05,TTT261@yopmail.com,9756256261,Test@123,1
TTT262,Test,Male,1988-01-05,TTT262@yopmail.com,9756256262,Test@123,1
TTT263,Test,Male,1988-01-05,TTT263@yopmail.com,9756256263,Test@123,1
TTT264,Test,Male,1988-01-05,TTT264@yopmail.com,9756256264,Test@123,1
TTT265,Test,Male,1988-01-05,TTT265@yopmail.com,9756256265,Test@123,1
TTT266,Test,Male,1988-01-05,TTT266@yopmail.com,9756256266,Test@123,1
TTT267,Test,Male,1988-01-05,TTT267@yopmail.com,9756256267,Test@123,1
TTT268,Test,Male,1988-01-05,TTT268@yopmail.com,9756256268,Test@123,1
TTT269,Test,Male,1988-01-05,TTT269@yopmail.com,9756256269,Test@123,1
TTT270,Test,Male,1988-01-05,TTT270@yopmail.com,9756256270,Test@123,1
TTT271,Test,Male,1988-01-05,TTT271@yopmail.com,9756256271,Test@123,1
TTT272,Test,Male,1988-01-05,TTT272@yopmail.com,9756256272,Test@123,1
TTT273,Test,Male,1988-01-05,TTT273@yopmail.com,9756256273,Test@123,1
TTT274,Test,Male,1988-01-05,TTT274@yopmail.com,9756256274,Test@123,1
TTT275,Test,Male,1988-01-05,TTT275@yopmail.com,9756256275,Test@123,1
TTT276,Test,Male,1988-01-05,TTT276@yopmail.com,9756256276,Test@123,1
TTT277,Test,Male,1988-01-05,TTT277@yopmail.com,9756256277,Test@123,1
TTT278,Test,Male,1988-01-05,TTT278@yopmail.com,9756256278,Test@123,1
TTT279,Test,Male,1988-01-05,TTT279@yopmail.com,9756256279,Test@123,1
TTT280,Test,Male,1988-01-05,TTT280@yopmail.com,9756256280,Test@123,1
TTT281,Test,Male,1988-01-05,TTT281@yopmail.com,9756256281,Test@123,1
TTT282,Test,Male,1988-01-05,TTT282@yopmail.com,9756256282,Test@123,1
TTT283,Test,Male,1988-01-05,TTT283@yopmail.com,9756256283,Test@123,1
TTT284,Test,Male,1988-01-05,TTT284@yopmail.com,9756256284,Test@123,1
TTT285,Test,Male,1988-01-05,TTT285@yopmail.com,9756256285,Test@123,1
TTT286,Test,Male,1988-01-05,TTT286@yopmail.com,9756256286,Test@123,1
TTT287,Test,Male,1988-01-05,TTT287@yopmail.com,9756256287,Test@123,1
TTT288,Test,Male,1988-01-05,TTT288@yopmail.com,9756256288,Test@123,1
TTT289,Test,Male,1988-01-05,TTT289@yopmail.com,9756256289,Test@123,1
TTT290,Test,Male,1988-01-05,TTT290@yopmail.com,9756256290,Test@123,1
TTT291,Test,Male,1988-01-05,TTT291@yopmail.com,9756256291,Test@123,1
TTT292,Test,Male,1988-01-05,TTT292@yopmail.com,9756256292,Test@123,1
TTT293,Test,Male,1988-01-05,TTT293@yopmail.com,9756256293,Test@123,1
TTT294,Test,Male,1988-01-05,TTT294@yopmail.com,9756256294,Test@123,1
TTT295,Test,Male,1988-01-05,TTT295@yopmail.com,9756256295,Test@123,1
TTT296,Test,Male,1988-01-05,TTT296@yopmail.com,9756256296,Test@123,1
TTT297,Test,Male,1988-01-05,TTT297@yopmail.com,9756256297,Test@123,1
TTT298,Test,Male,1988-01-05,TTT298@yopmail.com,9756256298,Test@123,1
TTT299,Test,Male,1988-01-05,TTT299@yopmail.com,9756256299,Test@123,1
TTT300,Test,Male,1988-01-05,TTT300@yopmail.com,9756256300,Test@123,1
TTT301,Test,Male,1988-01-05,TTT301@yopmail.com,9756256301,Test@123,1
TTT302,Test,Male,1988-01-05,TTT302@yopmail.com,9756256302,Test@123,1
TTT303,Test,Male,1988-01-05,TTT303@yopmail.com,9756256303,Test@123,1
TTT304,Test,Male,1988-01-05,TTT304@yopmail.com,9756256304,Test@123,1
TTT305,Test,Male,1988-01-05,TTT305@yopmail.com,9756256305,Test@123,1
TTT306,Test,Male,1988-01-05,TTT306@yopmail.com,9756256306,Test@123,1
TTT307,Test,Male,1988-01-05,TTT307@yopmail.com,9756256307,Test@123,1
TTT308,Test,Male,1988-01-05,TTT308@yopmail.com,9756256308,Test@123,1
TTT309,Test,Male,1988-01-05,TTT309@yopmail.com,9756256309,Test@123,1
TTT310,Test,Male,1988-01-05,TTT310@yopmail.com,9756256310,Test@123,1
TTT311,Test,Male,1988-01-05,TTT311@yopmail.com,9756256311,Test@123,1
TTT312,Test,Male,1988-01-05,TTT312@yopmail.com,9756256312,Test@123,1
TTT313,Test,Male,1988-01-05,TTT313@yopmail.com,9756256313,Test@123,1
TTT314,Test,Male,1988-01-05,TTT314@yopmail.com,9756256314,Test@123,1
TTT315,Test,Male,1988-01-05,TTT315@yopmail.com,9756256315,Test@123,1
TTT316,Test,Male,1988-01-05,TTT316@yopmail.com,9756256316,Test@123,1
TTT317,Test,Male,1988-01-05,TTT317@yopmail.com,9756256317,Test@123,1
TTT318,Test,Male,1988-01-05,TTT318@yopmail.com,9756256318,Test@123,1
TTT319,Test,Male,1988-01-05,TTT319@yopmail.com,9756256319,Test@123,1
TTT320,Test,Male,1988-01-05,TTT320@yopmail.com,9756256320,Test@123,1
TTT321,Test,Male,1988-01-05,TTT321@yopmail.com,9756256321,Test@123,1
TTT322,Test,Male,1988-01-05,TTT322@yopmail.com,9756256322,Test@123,1
TTT323,Test,Male,1988-01-05,TTT323@yopmail.com,9756256323,Test@123,1
TTT324,Test,Male,1988-01-05,TTT324@yopmail.com,9756256324,Test@123,1
TTT325,Test,Male,1988-01-05,TTT325@yopmail.com,9756256325,Test@123,1
TTT326,Test,Male,1988-01-05,TTT326@yopmail.com,9756256326,Test@123,1
TTT327,Test,Male,1988-01-05,TTT327@yopmail.com,9756256327,Test@123,1
TTT328,Test,Male,1988-01-05,TTT328@yopmail.com,9756256328,Test@123,1
TTT329,Test,Male,1988-01-05,TTT329@yopmail.com,9756256329,Test@123,1
TTT330,Test,Male,1988-01-05,TTT330@yopmail.com,9756256330,Test@123,1
TTT331,Test,Male,1988-01-05,TTT331@yopmail.com,9756256331,Test@123,1
TTT332,Test,Male,1988-01-05,TTT332@yopmail.com,9756256332,Test@123,1
TTT333,Test,Male,1988-01-05,TTT333@yopmail.com,9756256333,Test@123,1
TTT334,Test,Male,1988-01-05,TTT334@yopmail.com,9756256334,Test@123,1
TTT335,Test,Male,1988-01-05,TTT335@yopmail.com,9756256335,Test@123,1
TTT336,Test,Male,1988-01-05,TTT336@yopmail.com,9756256336,Test@123,1
TTT337,Test,Male,1988-01-05,TTT337@yopmail.com,9756256337,Test@123,1
TTT338,Test,Male,1988-01-05,TTT338@yopmail.com,9756256338,Test@123,1
TTT339,Test,Male,1988-01-05,TTT339@yopmail.com,9756256339,Test@123,1
TTT340,Test,Male,1988-01-05,TTT340@yopmail.com,9756256340,Test@123,1
TTT341,Test,Male,1988-01-05,TTT341@yopmail.com,9756256341,Test@123,1
TTT342,Test,Male,1988-01-05,TTT342@yopmail.com,9756256342,Test@123,1
TTT343,Test,Male,1988-01-05,TTT343@yopmail.com,9756256343,Test@123,1
TTT344,Test,Male,1988-01-05,TTT344@yopmail.com,9756256344,Test@123,1
TTT345,Test,Male,1988-01-05,TTT345@yopmail.com,9756256345,Test@123,1
TTT346,Test,Male,1988-01-05,TTT346@yopmail.com,9756256346,Test@123,1
TTT347,Test,Male,1988-01-05,TTT347@yopmail.com,9756256347,Test@123,1
TTT348,Test,Male,1988-01-05,TTT348@yopmail.com,9756256348,Test@123,1
TTT349,Test,Male,1988-01-05,TTT349@yopmail.com,9756256349,Test@123,1
TTT350,Test,Male,1988-01-05,TTT350@yopmail.com,9756256350,Test@123,1
TTT351,Test,Male,1988-01-05,TTT351@yopmail.com,9756256351,Test@123,1
TTT352,Test,Male,1988-01-05,TTT352@yopmail.com,9756256352,Test@123,1
TTT353,Test,Male,1988-01-05,TTT353@yopmail.com,9756256353,Test@123,1
TTT354,Test,Male,1988-01-05,TTT354@yopmail.com,9756256354,Test@123,1
TTT355,Test,Male,1988-01-05,TTT355@yopmail.com,9756256355,Test@123,1
TTT356,Test,Male,1988-01-05,TTT356@yopmail.com,9756256356,Test@123,1
TTT357,Test,Male,1988-01-05,TTT357@yopmail.com,9756256357,Test@123,1
TTT358,Test,Male,1988-01-05,TTT358@yopmail.com,9756256358,Test@123,1
TTT359,Test,Male,1988-01-05,TTT359@yopmail.com,9756256359,Test@123,1
TTT360,Test,Male,1988-01-05,TTT360@yopmail.com,9756256360,Test@123,1
TTT361,Test,Male,1988-01-05,TTT361@yopmail.com,9756256361,Test@123,1
TTT362,Test,Male,1988-01-05,TTT362@yopmail.com,9756256362,Test@123,1
TTT363,Test,Male,1988-01-05,TTT363@yopmail.com,9756256363,Test@123,1
TTT364,Test,Male,1988-01-05,TTT364@yopmail.com,9756256364,Test@123,1
TTT365,Test,Male,1988-01-05,TTT365@yopmail.com,9756256365,Test@123,1
TTT366,Test,Male,1988-01-05,TTT366@yopmail.com,9756256366,Test@123,1
TTT367,Test,Male,1988-01-05,TTT367@yopmail.com,9756256367,Test@123,1
TTT368,Test,Male,1988-01-05,TTT368@yopmail.com,9756256368,Test@123,1
TTT369,Test,Male,1988-01-05,TTT369@yopmail.com,9756256369,Test@123,1
TTT370,Test,Male,1988-01-05,TTT370@yopmail.com,9756256370,Test@123,1
TTT371,Test,Male,1988-01-05,TTT371@yopmail.com,9756256371,Test@123,1
TTT372,Test,Male,1988-01-05,TTT372@yopmail.com,9756256372,Test@123,1
TTT373,Test,Male,1988-01-05,TTT373@yopmail.com,9756256373,Test@123,1
TTT374,Test,Male,1988-01-05,TTT374@yopmail.com,9756256374,Test@123,1
TTT375,Test,Male,1988-01-05,TTT375@yopmail.com,9756256375,Test@123,1
TTT376,Test,Male,1988-01-05,TTT376@yopmail.com,9756256376,Test@123,1
TTT377,Test,Male,1988-01-05,TTT377@yopmail.com,9756256377,Test@123,1
TTT378,Test,Male,1988-01-05,TTT378@yopmail.com,9756256378,Test@123,1
TTT379,Test,Male,1988-01-05,TTT379@yopmail.com,9756256379,Test@123,1
TTT380,Test,Male,1988-01-05,TTT380@yopmail.com,9756256380,Test@123,1
TTT381,Test,Male,1988-01-05,TTT381@yopmail.com,9756256381,Test@123,1
TTT382,Test,Male,1988-01-05,TTT382@yopmail.com,9756256382,Test@123,1
TTT383,Test,Male,1988-01-05,TTT383@yopmail.com,9756256383,Test@123,1
TTT384,Test,Male,1988-01-05,TTT384@yopmail.com,9756256384,Test@123,1
TTT385,Test,Male,1988-01-05,TTT385@yopmail.com,9756256385,Test@123,1
TTT386,Test,Male,1988-01-05,TTT386@yopmail.com,9756256386,Test@123,1
TTT387,Test,Male,1988-01-05,TTT387@yopmail.com,9756256387,Test@123,1
TTT388,Test,Male,1988-01-05,TTT388@yopmail.com,9756256388,Test@123,1
TTT389,Test,Male,1988-01-05,TTT389@yopmail.com,9756256389,Test@123,1
TTT390,Test,Male,1988-01-05,TTT390@yopmail.com,9756256390,Test@123,1
TTT391,Test,Male,1988-01-05,TTT391@yopmail.com,9756256391,Test@123,1
TTT392,Test,Male,1988-01-05,TTT392@yopmail.com,9756256392,Test@123,1
TTT393,Test,Male,1988-01-05,TTT393@yopmail.com,9756256393,Test@123,1
TTT394,Test,Male,1988-01-05,TTT394@yopmail.com,9756256394,Test@123,1
TTT395,Test,Male,1988-01-05,TTT395@yopmail.com,9756256395,Test@123,1
TTT396,Test,Male,1988-01-05,TTT396@yopmail.com,9756256396,Test@123,1
TTT397,Test,Male,1988-01-05,TTT397@yopmail.com,9756256397,Test@123,1
TTT398,Test,Male,1988-01-05,TTT398@yopmail.com,9756256398,Test@123,1
TTT399,Test,Male,1988-01-05,TTT399@yopmail.com,9756256399,Test@123,1
TTT400,Test,Male,1988-01-05,TTT400@yopmail.com,9756256400,Test@123,1
TTT401,Test,Male,1988-01-05,TTT401@yopmail.com,9756256401,Test@123,1
TTT402,Test,Male,1988-01-05,TTT402@yopmail.com,9756256402,Test@123,1
TTT403,Test,Male,1988-01-05,TTT403@yopmail.com,9756256403,Test@123,1
TTT404,Test,Male,1988-01-05,TTT404@yopmail.com,9756256404,Test@123,1
TTT405,Test,Male,1988-01-05,TTT405@yopmail.com,9756256405,Test@123,1
TTT406,Test,Male,1988-01-05,TTT406@yopmail.com,9756256406,Test@123,1
TTT407,Test,Male,1988-01-05,TTT407@yopmail.com,9756256407,Test@123,1
TTT408,Test,Male,1988-01-05,TTT408@yopmail.com,9756256408,Test@123,1
TTT409,Test,Male,1988-01-05,TTT409@yopmail.com,9756256409,Test@123,1
TTT410,Test,Male,1988-01-05,TTT410@yopmail.com,9756256410,Test@123,1
TTT411,Test,Male,1988-01-05,TTT411@yopmail.com,9756256411,Test@123,1
TTT412,Test,Male,1988-01-05,TTT412@yopmail.com,9756256412,Test@123,1
TTT413,Test,Male,1988-01-05,TTT413@yopmail.com,9756256413,Test@123,1
TTT414,Test,Male,1988-01-05,TTT414@yopmail.com,9756256414,Test@123,1
TTT415,Test,Male,1988-01-05,TTT415@yopmail.com,9756256415,Test@123,1
TTT416,Test,Male,1988-01-05,TTT416@yopmail.com,9756256416,Test@123,1
TTT417,Test,Male,1988-01-05,TTT417@yopmail.com,9756256417,Test@123,1
TTT418,Test,Male,1988-01-05,TTT418@yopmail.com,9756256418,Test@123,1
TTT419,Test,Male,1988-01-05,TTT419@yopmail.com,9756256419,Test@123,1
TTT420,Test,Male,1988-01-05,TTT420@yopmail.com,9756256420,Test@123,1
TTT421,Test,Male,1988-01-05,TTT421@yopmail.com,9756256421,Test@123,1
TTT422,Test,Male,1988-01-05,TTT422@yopmail.com,9756256422,Test@123,1
TTT423,Test,Male,1988-01-05,TTT423@yopmail.com,9756256423,Test@123,1
TTT424,Test,Male,1988-01-05,TTT424@yopmail.com,9756256424,Test@123,1
TTT425,Test,Male,1988-01-05,TTT425@yopmail.com,9756256425,Test@123,1
TTT426,Test,Male,1988-01-05,TTT426@yopmail.com,9756256426,Test@123,1
TTT427,Test,Male,1988-01-05,TTT427@yopmail.com,9756256427,Test@123,1
TTT428,Test,Male,1988-01-05,TTT428@yopmail.com,9756256428,Test@123,1
TTT429,Test,Male,1988-01-05,TTT429@yopmail.com,9756256429,Test@123,1
TTT430,Test,Male,1988-01-05,TTT430@yopmail.com,9756256430,Test@123,1
TTT431,Test,Male,1988-01-05,TTT431@yopmail.com,9756256431,Test@123,1
TTT432,Test,Male,1988-01-05,TTT432@yopmail.com,9756256432,Test@123,1
TTT433,Test,Male,1988-01-05,TTT433@yopmail.com,9756256433,Test@123,1
TTT434,Test,Male,1988-01-05,TTT434@yopmail.com,9756256434,Test@123,1
TTT435,Test,Male,1988-01-05,TTT435@yopmail.com,9756256435,Test@123,1
TTT436,Test,Male,1988-01-05,TTT436@yopmail.com,9756256436,Test@123,1
TTT437,Test,Male,1988-01-05,TTT437@yopmail.com,9756256437,Test@123,1
TTT438,Test,Male,1988-01-05,TTT438@yopmail.com,9756256438,Test@123,1
TTT439,Test,Male,1988-01-05,TTT439@yopmail.com,9756256439,Test@123,1
TTT440,Test,Male,1988-01-05,TTT440@yopmail.com,9756256440,Test@123,1
TTT441,Test,Male,1988-01-05,TTT441@yopmail.com,9756256441,Test@123,1
TTT442,Test,Male,1988-01-05,TTT442@yopmail.com,9756256442,Test@123,1
TTT443,Test,Male,1988-01-05,TTT443@yopmail.com,9756256443,Test@123,1
TTT444,Test,Male,1988-01-05,TTT444@yopmail.com,9756256444,Test@123,1
TTT445,Test,Male,1988-01-05,TTT445@yopmail.com,9756256445,Test@123,1
TTT446,Test,Male,1988-01-05,TTT446@yopmail.com,9756256446,Test@123,1
TTT447,Test,Male,1988-01-05,TTT447@yopmail.com,9756256447,Test@123,1
TTT448,Test,Male,1988-01-05,TTT448@yopmail.com,9756256448,Test@123,1
TTT449,Test,Male,1988-01-05,TTT449@yopmail.com,9756256449,Test@123,1
TTT450,Test,Male,1988-01-05,TTT450@yopmail.com,9756256450,Test@123,1
TTT451,Test,Male,1988-01-05,TTT451@yopmail.com,9756256451,Test@123,1
TTT452,Test,Male,1988-01-05,TTT452@yopmail.com,9756256452,Test@123,1
TTT453,Test,Male,1988-01-05,TTT453@yopmail.com,9756256453,Test@123,1
TTT454,Test,Male,1988-01-05,TTT454@yopmail.com,9756256454,Test@123,1
TTT455,Test,Male,1988-01-05,TTT455@yopmail.com,9756256455,Test@123,1
TTT456,Test,Male,1988-01-05,TTT456@yopmail.com,9756256456,Test@123,1
TTT457,Test,Male,1988-01-05,TTT457@yopmail.com,9756256457,Test@123,1
TTT458,Test,Male,1988-01-05,TTT458@yopmail.com,9756256458,Test@123,1
TTT459,Test,Male,1988-01-05,TTT459@yopmail.com,9756256459,Test@123,1
TTT460,Test,Male,1988-01-05,TTT460@yopmail.com,9756256460,Test@123,1
TTT461,Test,Male,1988-01-05,TTT461@yopmail.com,9756256461,Test@123,1
TTT462,Test,Male,1988-01-05,TTT462@yopmail.com,9756256462,Test@123,1
TTT463,Test,Male,1988-01-05,TTT463@yopmail.com,9756256463,Test@123,1
TTT464,Test,Male,1988-01-05,TTT464@yopmail.com,9756256464,Test@123,1
TTT465,Test,Male,1988-01-05,TTT465@yopmail.com,9756256465,Test@123,1
TTT466,Test,Male,1988-01-05,TTT466@yopmail.com,9756256466,Test@123,1
TTT467,Test,Male,1988-01-05,TTT467@yopmail.com,9756256467,Test@123,1
TTT468,Test,Male,1988-01-05,TTT468@yopmail.com,9756256468,Test@123,1
TTT469,Test,Male,1988-01-05,TTT469@yopmail.com,9756256469,Test@123,1
TTT470,Test,Male,1988-01-05,TTT470@yopmail.com,9756256470,Test@123,1
TTT471,Test,Male,1988-01-05,TTT471@yopmail.com,9756256471,Test@123,1
TTT472,Test,Male,1988-01-05,TTT472@yopmail.com,9756256472,Test@123,1
TTT473,Test,Male,1988-01-05,TTT473@yopmail.com,9756256473,Test@123,1
TTT474,Test,Male,1988-01-05,TTT474@yopmail.com,9756256474,Test@123,1
TTT475,Test,Male,1988-01-05,TTT475@yopmail.com,9756256475,Test@123,1
TTT476,Test,Male,1988-01-05,TTT476@yopmail.com,9756256476,Test@123,1
TTT477,Test,Male,1988-01-05,TTT477@yopmail.com,9756256477,Test@123,1
TTT478,Test,Male,1988-01-05,TTT478@yopmail.com,9756256478,Test@123,1
TTT479,Test,Male,1988-01-05,TTT479@yopmail.com,9756256479,Test@123,1
TTT480,Test,Male,1988-01-05,TTT480@yopmail.com,9756256480,Test@123,1
TTT481,Test,Male,1988-01-05,TTT481@yopmail.com,9756256481,Test@123,1
TTT482,Test,Male,1988-01-05,TTT482@yopmail.com,9756256482,Test@123,1
TTT483,Test,Male,1988-01-05,TTT483@yopmail.com,9756256483,Test@123,1
TTT484,Test,Male,1988-01-05,TTT484@yopmail.com,9756256484,Test@123,1
TTT485,Test,Male,1988-01-05,TTT485@yopmail.com,9756256485,Test@123,1
TTT486,Test,Male,1988-01-05,TTT486@yopmail.com,9756256486,Test@123,1
TTT487,Test,Male,1988-01-05,TTT487@yopmail.com,9756256487,Test@123,1
TTT488,Test,Male,1988-01-05,TTT488@yopmail.com,9756256488,Test@123,1
TTT489,Test,Male,1988-01-05,TTT489@yopmail.com,9756256489,Test@123,1
TTT490,Test,Male,1988-01-05,TTT490@yopmail.com,9756256490,Test@123,1
TTT491,Test,Male,1988-01-05,TTT491@yopmail.com,9756256491,Test@123,1
TTT492,Test,Male,1988-01-05,TTT492@yopmail.com,9756256492,Test@123,1
TTT493,Test,Male,1988-01-05,TTT493@yopmail.com,9756256493,Test@123,1
TTT494,Test,Male,1988-01-05,TTT494@yopmail.com,9756256494,Test@123,1
TTT495,Test,Male,1988-01-05,TTT495@yopmail.com,9756256495,Test@123,1
TTT496,Test,Male,1988-01-05,TTT496@yopmail.com,9756256496,Test@123,1
TTT497,Test,Male,1988-01-05,TTT497@yopmail.com,9756256497,Test@123,1
TTT498,Test,Male,1988-01-05,TTT498@yopmail.com,9756256498,Test@123,1
TTT499,Test,Male,1988-01-05,TTT499@yopmail.com,9756256499,Test@123,1
TTT500,Test,Male,1988-01-05,TTT500@yopmail.com,9756256500,Test@123,1
TTT501,Test,Male,1988-01-05,TTT501@yopmail.com,9756256501,Test@123,1
TTT502,Test,Male,1988-01-05,TTT502@yopmail.com,9756256502,Test@123,1
TTT503,Test,Male,1988-01-05,TTT503@yopmail.com,9756256503,Test@123,1
TTT504,Test,Male,1988-01-05,TTT504@yopmail.com,9756256504,Test@123,1
TTT505,Test,Male,1988-01-05,TTT505@yopmail.com,9756256505,Test@123,1
TTT506,Test,Male,1988-01-05,TTT506@yopmail.com,9756256506,Test@123,1
TTT507,Test,Male,1988-01-05,TTT507@yopmail.com,9756256507,Test@123,1
TTT508,Test,Male,1988-01-05,TTT508@yopmail.com,9756256508,Test@123,1
TTT509,Test,Male,1988-01-05,TTT509@yopmail.com,9756256509,Test@123,1
TTT510,Test,Male,1988-01-05,TTT510@yopmail.com,9756256510,Test@123,1
TTT511,Test,Male,1988-01-05,TTT511@yopmail.com,9756256511,Test@123,1
TTT512,Test,Male,1988-01-05,TTT512@yopmail.com,9756256512,Test@123,1
TTT513,Test,Male,1988-01-05,TTT513@yopmail.com,9756256513,Test@123,1
TTT514,Test,Male,1988-01-05,TTT514@yopmail.com,9756256514,Test@123,1
TTT515,Test,Male,1988-01-05,TTT515@yopmail.com,9756256515,Test@123,1
TTT516,Test,Male,1988-01-05,TTT516@yopmail.com,9756256516,Test@123,1
TTT517,Test,Male,1988-01-05,TTT517@yopmail.com,9756256517,Test@123,1
TTT518,Test,Male,1988-01-05,TTT518@yopmail.com,9756256518,Test@123,1
TTT519,Test,Male,1988-01-05,TTT519@yopmail.com,9756256519,Test@123,1
TTT520,Test,Male,1988-01-05,TTT520@yopmail.com,9756256520,Test@123,1
TTT521,Test,Male,1988-01-05,TTT521@yopmail.com,9756256521,Test@123,1
TTT522,Test,Male,1988-01-05,TTT522@yopmail.com,9756256522,Test@123,1
TTT523,Test,Male,1988-01-05,TTT523@yopmail.com,9756256523,Test@123,1
TTT524,Test,Male,1988-01-05,TTT524@yopmail.com,9756256524,Test@123,1
TTT525,Test,Male,1988-01-05,TTT525@yopmail.com,9756256525,Test@123,1
TTT526,Test,Male,1988-01-05,TTT526@yopmail.com,9756256526,Test@123,1
TTT527,Test,Male,1988-01-05,TTT527@yopmail.com,9756256527,Test@123,1
TTT528,Test,Male,1988-01-05,TTT528@yopmail.com,9756256528,Test@123,1
TTT529,Test,Male,1988-01-05,TTT529@yopmail.com,9756256529,Test@123,1
TTT530,Test,Male,1988-01-05,TTT530@yopmail.com,9756256530,Test@123,1
TTT531,Test,Male,1988-01-05,TTT531@yopmail.com,9756256531,Test@123,1
TTT532,Test,Male,1988-01-05,TTT532@yopmail.com,9756256532,Test@123,1
TTT533,Test,Male,1988-01-05,TTT533@yopmail.com,9756256533,Test@123,1
TTT534,Test,Male,1988-01-05,TTT534@yopmail.com,9756256534,Test@123,1
TTT535,Test,Male,1988-01-05,TTT535@yopmail.com,9756256535,Test@123,1
TTT536,Test,Male,1988-01-05,TTT536@yopmail.com,9756256536,Test@123,1
TTT537,Test,Male,1988-01-05,TTT537@yopmail.com,9756256537,Test@123,1
TTT538,Test,Male,1988-01-05,TTT538@yopmail.com,9756256538,Test@123,1
TTT539,Test,Male,1988-01-05,TTT539@yopmail.com,9756256539,Test@123,1
TTT540,Test,Male,1988-01-05,TTT540@yopmail.com,9756256540,Test@123,1
TTT541,Test,Male,1988-01-05,TTT541@yopmail.com,9756256541,Test@123,1
TTT542,Test,Male,1988-01-05,TTT542@yopmail.com,9756256542,Test@123,1
TTT543,Test,Male,1988-01-05,TTT543@yopmail.com,9756256543,Test@123,1
TTT544,Test,Male,1988-01-05,TTT544@yopmail.com,9756256544,Test@123,1
TTT545,Test,Male,1988-01-05,TTT545@yopmail.com,9756256545,Test@123,1
TTT546,Test,Male,1988-01-05,TTT546@yopmail.com,9756256546,Test@123,1
TTT547,Test,Male,1988-01-05,TTT547@yopmail.com,9756256547,Test@123,1
TTT548,Test,Male,1988-01-05,TTT548@yopmail.com,9756256548,Test@123,1
TTT549,Test,Male,1988-01-05,TTT549@yopmail.com,9756256549,Test@123,1
TTT550,Test,Male,1988-01-05,TTT550@yopmail.com,9756256550,Test@123,1
TTT551,Test,Male,1988-01-05,TTT551@yopmail.com,9756256551,Test@123,1
TTT552,Test,Male,1988-01-05,TTT552@yopmail.com,9756256552,Test@123,1
TTT553,Test,Male,1988-01-05,TTT553@yopmail.com,9756256553,Test@123,1
TTT554,Test,Male,1988-01-05,TTT554@yopmail.com,9756256554,Test@123,1
TTT555,Test,Male,1988-01-05,TTT555@yopmail.com,9756256555,Test@123,1
TTT556,Test,Male,1988-01-05,TTT556@yopmail.com,9756256556,Test@123,1
TTT557,Test,Male,1988-01-05,TTT557@yopmail.com,9756256557,Test@123,1
TTT558,Test,Male,1988-01-05,TTT558@yopmail.com,9756256558,Test@123,1
TTT559,Test,Male,1988-01-05,TTT559@yopmail.com,9756256559,Test@123,1
TTT560,Test,Male,1988-01-05,TTT560@yopmail.com,9756256560,Test@123,1
TTT561,Test,Male,1988-01-05,TTT561@yopmail.com,9756256561,Test@123,1
TTT562,Test,Male,1988-01-05,TTT562@yopmail.com,9756256562,Test@123,1
TTT563,Test,Male,1988-01-05,TTT563@yopmail.com,9756256563,Test@123,1
TTT564,Test,Male,1988-01-05,TTT564@yopmail.com,9756256564,Test@123,1
TTT565,Test,Male,1988-01-05,TTT565@yopmail.com,9756256565,Test@123,1
TTT566,Test,Male,1988-01-05,TTT566@yopmail.com,9756256566,Test@123,1
TTT567,Test,Male,1988-01-05,TTT567@yopmail.com,9756256567,Test@123,1
TTT568,Test,Male,1988-01-05,TTT568@yopmail.com,9756256568,Test@123,1
TTT569,Test,Male,1988-01-05,TTT569@yopmail.com,9756256569,Test@123,1
TTT570,Test,Male,1988-01-05,TTT570@yopmail.com,9756256570,Test@123,1
TTT571,Test,Male,1988-01-05,TTT571@yopmail.com,9756256571,Test@123,1
TTT572,Test,Male,1988-01-05,TTT572@yopmail.com,9756256572,Test@123,1
TTT573,Test,Male,1988-01-05,TTT573@yopmail.com,9756256573,Test@123,1
TTT574,Test,Male,1988-01-05,TTT574@yopmail.com,9756256574,Test@123,1
TTT575,Test,Male,1988-01-05,TTT575@yopmail.com,9756256575,Test@123,1
TTT576,Test,Male,1988-01-05,TTT576@yopmail.com,9756256576,Test@123,1
TTT577,Test,Male,1988-01-05,TTT577@yopmail.com,9756256577,Test@123,1
TTT578,Test,Male,1988-01-05,TTT578@yopmail.com,9756256578,Test@123,1
TTT579,Test,Male,1988-01-05,TTT579@yopmail.com,9756256579,Test@123,1
TTT580,Test,Male,1988-01-05,TTT580@yopmail.com,9756256580,Test@123,1
TTT581,Test,Male,1988-01-05,TTT581@yopmail.com,9756256581,Test@123,1
TTT582,Test,Male,1988-01-05,TTT582@yopmail.com,9756256582,Test@123,1
TTT583,Test,Male,1988-01-05,TTT583@yopmail.com,9756256583,Test@123,1
TTT584,Test,Male,1988-01-05,TTT584@yopmail.com,9756256584,Test@123,1
TTT585,Test,Male,1988-01-05,TTT585@yopmail.com,9756256585,Test@123,1
TTT586,Test,Male,1988-01-05,TTT586@yopmail.com,9756256586,Test@123,1
TTT587,Test,Male,1988-01-05,TTT587@yopmail.com,9756256587,Test@123,1
TTT588,Test,Male,1988-01-05,TTT588@yopmail.com,9756256588,Test@123,1
TTT589,Test,Male,1988-01-05,TTT589@yopmail.com,9756256589,Test@123,1
TTT590,Test,Male,1988-01-05,TTT590@yopmail.com,9756256590,Test@123,1
TTT591,Test,Male,1988-01-05,TTT591@yopmail.com,9756256591,Test@123,1
TTT592,Test,Male,1988-01-05,TTT592@yopmail.com,9756256592,Test@123,1
TTT593,Test,Male,1988-01-05,TTT593@yopmail.com,9756256593,Test@123,1
TTT594,Test,Male,1988-01-05,TTT594@yopmail.com,9756256594,Test@123,1
TTT595,Test,Male,1988-01-05,TTT595@yopmail.com,9756256595,Test@123,1
TTT596,Test,Male,1988-01-05,TTT596@yopmail.com,9756256596,Test@123,1
TTT597,Test,Male,1988-01-05,TTT597@yopmail.com,9756256597,Test@123,1
TTT598,Test,Male,1988-01-05,TTT598@yopmail.com,9756256598,Test@123,1
TTT599,Test,Male,1988-01-05,TTT599@yopmail.com,9756256599,Test@123,1
TTT600,Test,Male,1988-01-05,TTT600@yopmail.com,9756256600,Test@123,1
TTT601,Test,Male,1988-01-05,TTT601@yopmail.com,9756256601,Test@123,1
TTT602,Test,Male,1988-01-05,TTT602@yopmail.com,9756256602,Test@123,1
TTT603,Test,Male,1988-01-05,TTT603@yopmail.com,9756256603,Test@123,1
TTT604,Test,Male,1988-01-05,TTT604@yopmail.com,9756256604,Test@123,1
TTT605,Test,Male,1988-01-05,TTT605@yopmail.com,9756256605,Test@123,1
TTT606,Test,Male,1988-01-05,TTT606@yopmail.com,9756256606,Test@123,1
TTT607,Test,Male,1988-01-05,TTT607@yopmail.com,9756256607,Test@123,1
TTT608,Test,Male,1988-01-05,TTT608@yopmail.com,9756256608,Test@123,1
TTT609,Test,Male,1988-01-05,TTT609@yopmail.com,9756256609,Test@123,1
TTT610,Test,Male,1988-01-05,TTT610@yopmail.com,9756256610,Test@123,1
TTT611,Test,Male,1988-01-05,TTT611@yopmail.com,9756256611,Test@123,1
TTT612,Test,Male,1988-01-05,TTT612@yopmail.com,9756256612,Test@123,1
TTT613,Test,Male,1988-01-05,TTT613@yopmail.com,9756256613,Test@123,1
TTT614,Test,Male,1988-01-05,TTT614@yopmail.com,9756256614,Test@123,1
TTT615,Test,Male,1988-01-05,TTT615@yopmail.com,9756256615,Test@123,1
TTT616,Test,Male,1988-01-05,TTT616@yopmail.com,9756256616,Test@123,1
TTT617,Test,Male,1988-01-05,TTT617@yopmail.com,9756256617,Test@123,1
TTT618,Test,Male,1988-01-05,TTT618@yopmail.com,9756256618,Test@123,1
TTT619,Test,Male,1988-01-05,TTT619@yopmail.com,9756256619,Test@123,1
TTT620,Test,Male,1988-01-05,TTT620@yopmail.com,9756256620,Test@123,1
TTT621,Test,Male,1988-01-05,TTT621@yopmail.com,9756256621,Test@123,1
TTT622,Test,Male,1988-01-05,TTT622@yopmail.com,9756256622,Test@123,1
TTT623,Test,Male,1988-01-05,TTT623@yopmail.com,9756256623,Test@123,1
TTT624,Test,Male,1988-01-05,TTT624@yopmail.com,9756256624,Test@123,1
TTT625,Test,Male,1988-01-05,TTT625@yopmail.com,9756256625,Test@123,1
TTT626,Test,Male,1988-01-05,TTT626@yopmail.com,9756256626,Test@123,1
TTT627,Test,Male,1988-01-05,TTT627@yopmail.com,9756256627,Test@123,1
TTT628,Test,Male,1988-01-05,TTT628@yopmail.com,9756256628,Test@123,1
TTT629,Test,Male,1988-01-05,TTT629@yopmail.com,9756256629,Test@123,1
TTT630,Test,Male,1988-01-05,TTT630@yopmail.com,9756256630,Test@123,1
TTT631,Test,Male,1988-01-05,TTT631@yopmail.com,9756256631,Test@123,1
TTT632,Test,Male,1988-01-05,TTT632@yopmail.com,9756256632,Test@123,1
TTT633,Test,Male,1988-01-05,TTT633@yopmail.com,9756256633,Test@123,1
TTT634,Test,Male,1988-01-05,TTT634@yopmail.com,9756256634,Test@123,1
TTT635,Test,Male,1988-01-05,TTT635@yopmail.com,9756256635,Test@123,1
TTT636,Test,Male,1988-01-05,TTT636@yopmail.com,9756256636,Test@123,1
TTT637,Test,Male,1988-01-05,TTT637@yopmail.com,9756256637,Test@123,1
TTT638,Test,Male,1988-01-05,TTT638@yopmail.com,9756256638,Test@123,1
TTT639,Test,Male,1988-01-05,TTT639@yopmail.com,9756256639,Test@123,1
TTT640,Test,Male,1988-01-05,TTT640@yopmail.com,9756256640,Test@123,1
TTT641,Test,Male,1988-01-05,TTT641@yopmail.com,9756256641,Test@123,1
TTT642,Test,Male,1988-01-05,TTT642@yopmail.com,9756256642,Test@123,1
TTT643,Test,Male,1988-01-05,TTT643@yopmail.com,9756256643,Test@123,1
TTT644,Test,Male,1988-01-05,TTT644@yopmail.com,9756256644,Test@123,1
TTT645,Test,Male,1988-01-05,TTT645@yopmail.com,9756256645,Test@123,1
TTT646,Test,Male,1988-01-05,TTT646@yopmail.com,9756256646,Test@123,1
TTT647,Test,Male,1988-01-05,TTT647@yopmail.com,9756256647,Test@123,1
TTT648,Test,Male,1988-01-05,TTT648@yopmail.com,9756256648,Test@123,1
TTT649,Test,Male,1988-01-05,TTT649@yopmail.com,9756256649,Test@123,1
TTT650,Test,Male,1988-01-05,TTT650@yopmail.com,9756256650,Test@123,1
TTT651,Test,Male,1988-01-05,TTT651@yopmail.com,9756256651,Test@123,1
TTT652,Test,Male,1988-01-05,TTT652@yopmail.com,9756256652,Test@123,1
TTT653,Test,Male,1988-01-05,TTT653@yopmail.com,9756256653,Test@123,1
TTT654,Test,Male,1988-01-05,TTT654@yopmail.com,9756256654,Test@123,1
TTT655,Test,Male,1988-01-05,TTT655@yopmail.com,9756256655,Test@123,1
TTT656,Test,Male,1988-01-05,TTT656@yopmail.com,9756256656,Test@123,1
TTT657,Test,Male,1988-01-05,TTT657@yopmail.com,9756256657,Test@123,1
TTT658,Test,Male,1988-01-05,TTT658@yopmail.com,9756256658,Test@123,1
TTT659,Test,Male,1988-01-05,TTT659@yopmail.com,9756256659,Test@123,1
TTT660,Test,Male,1988-01-05,TTT660@yopmail.com,9756256660,Test@123,1
TTT661,Test,Male,1988-01-05,TTT661@yopmail.com,9756256661,Test@123,1
TTT662,Test,Male,1988-01-05,TTT662@yopmail.com,9756256662,Test@123,1
TTT663,Test,Male,1988-01-05,TTT663@yopmail.com,9756256663,Test@123,1
TTT664,Test,Male,1988-01-05,TTT664@yopmail.com,9756256664,Test@123,1
TTT665,Test,Male,1988-01-05,TTT665@yopmail.com,9756256665,Test@123,1
TTT666,Test,Male,1988-01-05,TTT666@yopmail.com,9756256666,Test@123,1
TTT667,Test,Male,1988-01-05,TTT667@yopmail.com,9756256667,Test@123,1
TTT668,Test,Male,1988-01-05,TTT668@yopmail.com,9756256668,Test@123,1
TTT669,Test,Male,1988-01-05,TTT669@yopmail.com,9756256669,Test@123,1
TTT670,Test,Male,1988-01-05,TTT670@yopmail.com,9756256670,Test@123,1
TTT671,Test,Male,1988-01-05,TTT671@yopmail.com,9756256671,Test@123,1
TTT672,Test,Male,1988-01-05,TTT672@yopmail.com,9756256672,Test@123,1
TTT673,Test,Male,1988-01-05,TTT673@yopmail.com,9756256673,Test@123,1
TTT674,Test,Male,1988-01-05,TTT674@yopmail.com,9756256674,Test@123,1
TTT675,Test,Male,1988-01-05,TTT675@yopmail.com,9756256675,Test@123,1
TTT676,Test,Male,1988-01-05,TTT676@yopmail.com,9756256676,Test@123,1
TTT677,Test,Male,1988-01-05,TTT677@yopmail.com,9756256677,Test@123,1
TTT678,Test,Male,1988-01-05,TTT678@yopmail.com,9756256678,Test@123,1
TTT679,Test,Male,1988-01-05,TTT679@yopmail.com,9756256679,Test@123,1
TTT680,Test,Male,1988-01-05,TTT680@yopmail.com,9756256680,Test@123,1
TTT681,Test,Male,1988-01-05,TTT681@yopmail.com,9756256681,Test@123,1
TTT682,Test,Male,1988-01-05,TTT682@yopmail.com,9756256682,Test@123,1
TTT683,Test,Male,1988-01-05,TTT683@yopmail.com,9756256683,Test@123,1
TTT684,Test,Male,1988-01-05,TTT684@yopmail.com,9756256684,Test@123,1
TTT685,Test,Male,1988-01-05,TTT685@yopmail.com,9756256685,Test@123,1
TTT686,Test,Male,1988-01-05,TTT686@yopmail.com,9756256686,Test@123,1
TTT687,Test,Male,1988-01-05,TTT687@yopmail.com,9756256687,Test@123,1
TTT688,Test,Male,1988-01-05,TTT688@yopmail.com,9756256688,Test@123,1
TTT689,Test,Male,1988-01-05,TTT689@yopmail.com,9756256689,Test@123,1
TTT690,Test,Male,1988-01-05,TTT690@yopmail.com,9756256690,Test@123,1
TTT691,Test,Male,1988-01-05,TTT691@yopmail.com,9756256691,Test@123,1
TTT692,Test,Male,1988-01-05,TTT692@yopmail.com,9756256692,Test@123,1
TTT693,Test,Male,1988-01-05,TTT693@yopmail.com,9756256693,Test@123,1
TTT694,Test,Male,1988-01-05,TTT694@yopmail.com,9756256694,Test@123,1
TTT695,Test,Male,1988-01-05,TTT695@yopmail.com,9756256695,Test@123,1
TTT696,Test,Male,1988-01-05,TTT696@yopmail.com,9756256696,Test@123,1
TTT697,Test,Male,1988-01-05,TTT697@yopmail.com,9756256697,Test@123,1
TTT698,Test,Male,1988-01-05,TTT698@yopmail.com,9756256698,Test@123,1
TTT699,Test,Male,1988-01-05,TTT699@yopmail.com,9756256699,Test@123,1
TTT700,Test,Male,1988-01-05,TTT700@yopmail.com,9756256700,Test@123,1
TTT701,Test,Male,1988-01-05,TTT701@yopmail.com,9756256701,Test@123,1
TTT702,Test,Male,1988-01-05,TTT702@yopmail.com,9756256702,Test@123,1
TTT703,Test,Male,1988-01-05,TTT703@yopmail.com,9756256703,Test@123,1
TTT704,Test,Male,1988-01-05,TTT704@yopmail.com,9756256704,Test@123,1
TTT705,Test,Male,1988-01-05,TTT705@yopmail.com,9756256705,Test@123,1
TTT706,Test,Male,1988-01-05,TTT706@yopmail.com,9756256706,Test@123,1
TTT707,Test,Male,1988-01-05,TTT707@yopmail.com,9756256707,Test@123,1
TTT708,Test,Male,1988-01-05,TTT708@yopmail.com,9756256708,Test@123,1
TTT709,Test,Male,1988-01-05,TTT709@yopmail.com,9756256709,Test@123,1
TTT710,Test,Male,1988-01-05,TTT710@yopmail.com,9756256710,Test@123,1
TTT711,Test,Male,1988-01-05,TTT711@yopmail.com,9756256711,Test@123,1
TTT712,Test,Male,1988-01-05,TTT712@yopmail.com,9756256712,Test@123,1
TTT713,Test,Male,1988-01-05,TTT713@yopmail.com,9756256713,Test@123,1
TTT714,Test,Male,1988-01-05,TTT714@yopmail.com,9756256714,Test@123,1
TTT715,Test,Male,1988-01-05,TTT715@yopmail.com,9756256715,Test@123,1
TTT716,Test,Male,1988-01-05,TTT716@yopmail.com,9756256716,Test@123,1
TTT717,Test,Male,1988-01-05,TTT717@yopmail.com,9756256717,Test@123,1
TTT718,Test,Male,1988-01-05,TTT718@yopmail.com,9756256718,Test@123,1
TTT719,Test,Male,1988-01-05,TTT719@yopmail.com,9756256719,Test@123,1
TTT720,Test,Male,1988-01-05,TTT720@yopmail.com,9756256720,Test@123,1
TTT721,Test,Male,1988-01-05,TTT721@yopmail.com,9756256721,Test@123,1
TTT722,Test,Male,1988-01-05,TTT722@yopmail.com,9756256722,Test@123,1
TTT723,Test,Male,1988-01-05,TTT723@yopmail.com,9756256723,Test@123,1
TTT724,Test,Male,1988-01-05,TTT724@yopmail.com,9756256724,Test@123,1
TTT725,Test,Male,1988-01-05,TTT725@yopmail.com,9756256725,Test@123,1
TTT726,Test,Male,1988-01-05,TTT726@yopmail.com,9756256726,Test@123,1
TTT727,Test,Male,1988-01-05,TTT727@yopmail.com,9756256727,Test@123,1
TTT728,Test,Male,1988-01-05,TTT728@yopmail.com,9756256728,Test@123,1
TTT729,Test,Male,1988-01-05,TTT729@yopmail.com,9756256729,Test@123,1
TTT730,Test,Male,1988-01-05,TTT730@yopmail.com,9756256730,Test@123,1
TTT731,Test,Male,1988-01-05,TTT731@yopmail.com,9756256731,Test@123,1
TTT732,Test,Male,1988-01-05,TTT732@yopmail.com,9756256732,Test@123,1
TTT733,Test,Male,1988-01-05,TTT733@yopmail.com,9756256733,Test@123,1
TTT734,Test,Male,1988-01-05,TTT734@yopmail.com,9756256734,Test@123,1
TTT735,Test,Male,1988-01-05,TTT735@yopmail.com,9756256735,Test@123,1
TTT736,Test,Male,1988-01-05,TTT736@yopmail.com,9756256736,Test@123,1
TTT737,Test,Male,1988-01-05,TTT737@yopmail.com,9756256737,Test@123,1
TTT738,Test,Male,1988-01-05,TTT738@yopmail.com,9756256738,Test@123,1
TTT739,Test,Male,1988-01-05,TTT739@yopmail.com,9756256739,Test@123,1
TTT740,Test,Male,1988-01-05,TTT740@yopmail.com,9756256740,Test@123,1
TTT741,Test,Male,1988-01-05,TTT741@yopmail.com,9756256741,Test@123,1
TTT742,Test,Male,1988-01-05,TTT742@yopmail.com,9756256742,Test@123,1
TTT743,Test,Male,1988-01-05,TTT743@yopmail.com,9756256743,Test@123,1
TTT744,Test,Male,1988-01-05,TTT744@yopmail.com,9756256744,Test@123,1
TTT745,Test,Male,1988-01-05,TTT745@yopmail.com,9756256745,Test@123,1
TTT746,Test,Male,1988-01-05,TTT746@yopmail.com,9756256746,Test@123,1
TTT747,Test,Male,1988-01-05,TTT747@yopmail.com,9756256747,Test@123,1
TTT748,Test,Male,1988-01-05,TTT748@yopmail.com,9756256748,Test@123,1
TTT749,Test,Male,1988-01-05,TTT749@yopmail.com,9756256749,Test@123,1
TTT750,Test,Male,1988-01-05,TTT750@yopmail.com,9756256750,Test@123,1
TTT751,Test,Male,1988-01-05,TTT751@yopmail.com,9756256751,Test@123,1
TTT752,Test,Male,1988-01-05,TTT752@yopmail.com,9756256752,Test@123,1
TTT753,Test,Male,1988-01-05,TTT753@yopmail.com,9756256753,Test@123,1
TTT754,Test,Male,1988-01-05,TTT754@yopmail.com,9756256754,Test@123,1
TTT755,Test,Male,1988-01-05,TTT755@yopmail.com,9756256755,Test@123,1
TTT756,Test,Male,1988-01-05,TTT756@yopmail.com,9756256756,Test@123,1
TTT757,Test,Male,1988-01-05,TTT757@yopmail.com,9756256757,Test@123,1
TTT758,Test,Male,1988-01-05,TTT758@yopmail.com,9756256758,Test@123,1
TTT759,Test,Male,1988-01-05,TTT759@yopmail.com,9756256759,Test@123,1
TTT760,Test,Male,1988-01-05,TTT760@yopmail.com,9756256760,Test@123,1
TTT761,Test,Male,1988-01-05,TTT761@yopmail.com,9756256761,Test@123,1
TTT762,Test,Male,1988-01-05,TTT762@yopmail.com,9756256762,Test@123,1
TTT763,Test,Male,1988-01-05,TTT763@yopmail.com,9756256763,Test@123,1
TTT764,Test,Male,1988-01-05,TTT764@yopmail.com,9756256764,Test@123,1
TTT765,Test,Male,1988-01-05,TTT765@yopmail.com,9756256765,Test@123,1
TTT766,Test,Male,1988-01-05,TTT766@yopmail.com,9756256766,Test@123,1
TTT767,Test,Male,1988-01-05,TTT767@yopmail.com,9756256767,Test@123,1
TTT768,Test,Male,1988-01-05,TTT768@yopmail.com,9756256768,Test@123,1
TTT769,Test,Male,1988-01-05,TTT769@yopmail.com,9756256769,Test@123,1
TTT770,Test,Male,1988-01-05,TTT770@yopmail.com,9756256770,Test@123,1
TTT771,Test,Male,1988-01-05,TTT771@yopmail.com,9756256771,Test@123,1
TTT772,Test,Male,1988-01-05,TTT772@yopmail.com,9756256772,Test@123,1
TTT773,Test,Male,1988-01-05,TTT773@yopmail.com,9756256773,Test@123,1
TTT774,Test,Male,1988-01-05,TTT774@yopmail.com,9756256774,Test@123,1
TTT775,Test,Male,1988-01-05,TTT775@yopmail.com,9756256775,Test@123,1
TTT776,Test,Male,1988-01-05,TTT776@yopmail.com,9756256776,Test@123,1
TTT777,Test,Male,1988-01-05,TTT777@yopmail.com,9756256777,Test@123,1
TTT778,Test,Male,1988-01-05,TTT778@yopmail.com,9756256778,Test@123,1
TTT779,Test,Male,1988-01-05,TTT779@yopmail.com,9756256779,Test@123,1
TTT780,Test,Male,1988-01-05,TTT780@yopmail.com,9756256780,Test@123,1
TTT781,Test,Male,1988-01-05,TTT781@yopmail.com,9756256781,Test@123,1
TTT782,Test,Male,1988-01-05,TTT782@yopmail.com,9756256782,Test@123,1
TTT783,Test,Male,1988-01-05,TTT783@yopmail.com,9756256783,Test@123,1
TTT784,Test,Male,1988-01-05,TTT784@yopmail.com,9756256784,Test@123,1
TTT785,Test,Male,1988-01-05,TTT785@yopmail.com,9756256785,Test@123,1
TTT786,Test,Male,1988-01-05,TTT786@yopmail.com,9756256786,Test@123,1
TTT787,Test,Male,1988-01-05,TTT787@yopmail.com,9756256787,Test@123,1
TTT788,Test,Male,1988-01-05,TTT788@yopmail.com,9756256788,Test@123,1
TTT789,Test,Male,1988-01-05,TTT789@yopmail.com,9756256789,Test@123,1
TTT790,Test,Male,1988-01-05,TTT790@yopmail.com,9756256790,Test@123,1
TTT791,Test,Male,1988-01-05,TTT791@yopmail.com,9756256791,Test@123,1
TTT792,Test,Male,1988-01-05,TTT792@yopmail.com,9756256792,Test@123,1
TTT793,Test,Male,1988-01-05,TTT793@yopmail.com,9756256793,Test@123,1
TTT794,Test,Male,1988-01-05,TTT794@yopmail.com,9756256794,Test@123,1
TTT795,Test,Male,1988-01-05,TTT795@yopmail.com,9756256795,Test@123,1
TTT796,Test,Male,1988-01-05,TTT796@yopmail.com,9756256796,Test@123,1
TTT797,Test,Male,1988-01-05,TTT797@yopmail.com,9756256797,Test@123,1
TTT798,Test,Male,1988-01-05,TTT798@yopmail.com,9756256798,Test@123,1
TTT799,Test,Male,1988-01-05,TTT799@yopmail.com,9756256799,Test@123,1
TTT800,Test,Male,1988-01-05,TTT800@yopmail.com,9756256800,Test@123,1
TTT801,Test,Male,1988-01-05,TTT801@yopmail.com,9756256801,Test@123,1
TTT802,Test,Male,1988-01-05,TTT802@yopmail.com,9756256802,Test@123,1
TTT803,Test,Male,1988-01-05,TTT803@yopmail.com,9756256803,Test@123,1
TTT804,Test,Male,1988-01-05,TTT804@yopmail.com,9756256804,Test@123,1
TTT805,Test,Male,1988-01-05,TTT805@yopmail.com,9756256805,Test@123,1
TTT806,Test,Male,1988-01-05,TTT806@yopmail.com,9756256806,Test@123,1
TTT807,Test,Male,1988-01-05,TTT807@yopmail.com,9756256807,Test@123,1
TTT808,Test,Male,1988-01-05,TTT808@yopmail.com,9756256808,Test@123,1
TTT809,Test,Male,1988-01-05,TTT809@yopmail.com,9756256809,Test@123,1
TTT810,Test,Male,1988-01-05,TTT810@yopmail.com,9756256810,Test@123,1
TTT811,Test,Male,1988-01-05,TTT811@yopmail.com,9756256811,Test@123,1
TTT812,Test,Male,1988-01-05,TTT812@yopmail.com,9756256812,Test@123,1
TTT813,Test,Male,1988-01-05,TTT813@yopmail.com,9756256813,Test@123,1
TTT814,Test,Male,1988-01-05,TTT814@yopmail.com,9756256814,Test@123,1
TTT815,Test,Male,1988-01-05,TTT815@yopmail.com,9756256815,Test@123,1
TTT816,Test,Male,1988-01-05,TTT816@yopmail.com,9756256816,Test@123,1
TTT817,Test,Male,1988-01-05,TTT817@yopmail.com,9756256817,Test@123,1
TTT818,Test,Male,1988-01-05,TTT818@yopmail.com,9756256818,Test@123,1
TTT819,Test,Male,1988-01-05,TTT819@yopmail.com,9756256819,Test@123,1
TTT820,Test,Male,1988-01-05,TTT820@yopmail.com,9756256820,Test@123,1
TTT821,Test,Male,1988-01-05,TTT821@yopmail.com,9756256821,Test@123,1
TTT822,Test,Male,1988-01-05,TTT822@yopmail.com,9756256822,Test@123,1
TTT823,Test,Male,1988-01-05,TTT823@yopmail.com,9756256823,Test@123,1
TTT824,Test,Male,1988-01-05,TTT824@yopmail.com,9756256824,Test@123,1
TTT825,Test,Male,1988-01-05,TTT825@yopmail.com,9756256825,Test@123,1
TTT826,Test,Male,1988-01-05,TTT826@yopmail.com,9756256826,Test@123,1
TTT827,Test,Male,1988-01-05,TTT827@yopmail.com,9756256827,Test@123,1
TTT828,Test,Male,1988-01-05,TTT828@yopmail.com,9756256828,Test@123,1
TTT829,Test,Male,1988-01-05,TTT829@yopmail.com,9756256829,Test@123,1
TTT830,Test,Male,1988-01-05,TTT830@yopmail.com,9756256830,Test@123,1
TTT831,Test,Male,1988-01-05,TTT831@yopmail.com,9756256831,Test@123,1
TTT832,Test,Male,1988-01-05,TTT832@yopmail.com,9756256832,Test@123,1
TTT833,Test,Male,1988-01-05,TTT833@yopmail.com,9756256833,Test@123,1
TTT834,Test,Male,1988-01-05,TTT834@yopmail.com,9756256834,Test@123,1
TTT835,Test,Male,1988-01-05,TTT835@yopmail.com,9756256835,Test@123,1
TTT836,Test,Male,1988-01-05,TTT836@yopmail.com,9756256836,Test@123,1
TTT837,Test,Male,1988-01-05,TTT837@yopmail.com,9756256837,Test@123,1
TTT838,Test,Male,1988-01-05,TTT838@yopmail.com,9756256838,Test@123,1
TTT839,Test,Male,1988-01-05,TTT839@yopmail.com,9756256839,Test@123,1
TTT840,Test,Male,1988-01-05,TTT840@yopmail.com,9756256840,Test@123,1
TTT841,Test,Male,1988-01-05,TTT841@yopmail.com,9756256841,Test@123,1
TTT842,Test,Male,1988-01-05,TTT842@yopmail.com,9756256842,Test@123,1
TTT843,Test,Male,1988-01-05,TTT843@yopmail.com,9756256843,Test@123,1
TTT844,Test,Male,1988-01-05,TTT844@yopmail.com,9756256844,Test@123,1
TTT845,Test,Male,1988-01-05,TTT845@yopmail.com,9756256845,Test@123,1
TTT846,Test,Male,1988-01-05,TTT846@yopmail.com,9756256846,Test@123,1
TTT847,Test,Male,1988-01-05,TTT847@yopmail.com,9756256847,Test@123,1
TTT848,Test,Male,1988-01-05,TTT848@yopmail.com,9756256848,Test@123,1
TTT849,Test,Male,1988-01-05,TTT849@yopmail.com,9756256849,Test@123,1
TTT850,Test,Male,1988-01-05,TTT850@yopmail.com,9756256850,Test@123,1
TTT851,Test,Male,1988-01-05,TTT851@yopmail.com,9756256851,Test@123,1
TTT852,Test,Male,1988-01-05,TTT852@yopmail.com,9756256852,Test@123,1
TTT853,Test,Male,1988-01-05,TTT853@yopmail.com,9756256853,Test@123,1
TTT854,Test,Male,1988-01-05,TTT854@yopmail.com,9756256854,Test@123,1
TTT855,Test,Male,1988-01-05,TTT855@yopmail.com,9756256855,Test@123,1
TTT856,Test,Male,1988-01-05,TTT856@yopmail.com,9756256856,Test@123,1
TTT857,Test,Male,1988-01-05,TTT857@yopmail.com,9756256857,Test@123,1
TTT858,Test,Male,1988-01-05,TTT858@yopmail.com,9756256858,Test@123,1
TTT859,Test,Male,1988-01-05,TTT859@yopmail.com,9756256859,Test@123,1
TTT860,Test,Male,1988-01-05,TTT860@yopmail.com,9756256860,Test@123,1
TTT861,Test,Male,1988-01-05,TTT861@yopmail.com,9756256861,Test@123,1
TTT862,Test,Male,1988-01-05,TTT862@yopmail.com,9756256862,Test@123,1
TTT863,Test,Male,1988-01-05,TTT863@yopmail.com,9756256863,Test@123,1
TTT864,Test,Male,1988-01-05,TTT864@yopmail.com,9756256864,Test@123,1
TTT865,Test,Male,1988-01-05,TTT865@yopmail.com,9756256865,Test@123,1
TTT866,Test,Male,1988-01-05,TTT866@yopmail.com,9756256866,Test@123,1
TTT867,Test,Male,1988-01-05,TTT867@yopmail.com,9756256867,Test@123,1
TTT868,Test,Male,1988-01-05,TTT868@yopmail.com,9756256868,Test@123,1
TTT869,Test,Male,1988-01-05,TTT869@yopmail.com,9756256869,Test@123,1
TTT870,Test,Male,1988-01-05,TTT870@yopmail.com,9756256870,Test@123,1
TTT871,Test,Male,1988-01-05,TTT871@yopmail.com,9756256871,Test@123,1
TTT872,Test,Male,1988-01-05,TTT872@yopmail.com,9756256872,Test@123,1
TTT873,Test,Male,1988-01-05,TTT873@yopmail.com,9756256873,Test@123,1
TTT874,Test,Male,1988-01-05,TTT874@yopmail.com,9756256874,Test@123,1
TTT875,Test,Male,1988-01-05,TTT875@yopmail.com,9756256875,Test@123,1
TTT876,Test,Male,1988-01-05,TTT876@yopmail.com,9756256876,Test@123,1
TTT877,Test,Male,1988-01-05,TTT877@yopmail.com,9756256877,Test@123,1
TTT878,Test,Male,1988-01-05,TTT878@yopmail.com,9756256878,Test@123,1
TTT879,Test,Male,1988-01-05,TTT879@yopmail.com,9756256879,Test@123,1
TTT880,Test,Male,1988-01-05,TTT880@yopmail.com,9756256880,Test@123,1
TTT881,Test,Male,1988-01-05,TTT881@yopmail.com,9756256881,Test@123,1
TTT882,Test,Male,1988-01-05,TTT882@yopmail.com,9756256882,Test@123,1
TTT883,Test,Male,1988-01-05,TTT883@yopmail.com,9756256883,Test@123,1
TTT884,Test,Male,1988-01-05,TTT884@yopmail.com,9756256884,Test@123,1
TTT885,Test,Male,1988-01-05,TTT885@yopmail.com,9756256885,Test@123,1
TTT886,Test,Male,1988-01-05,TTT886@yopmail.com,9756256886,Test@123,1
TTT887,Test,Male,1988-01-05,TTT887@yopmail.com,9756256887,Test@123,1
TTT888,Test,Male,1988-01-05,TTT888@yopmail.com,9756256888,Test@123,1
TTT889,Test,Male,1988-01-05,TTT889@yopmail.com,9756256889,Test@123,1
TTT890,Test,Male,1988-01-05,TTT890@yopmail.com,9756256890,Test@123,1
TTT891,Test,Male,1988-01-05,TTT891@yopmail.com,9756256891,Test@123,1
TTT892,Test,Male,1988-01-05,TTT892@yopmail.com,9756256892,Test@123,1
TTT893,Test,Male,1988-01-05,TTT893@yopmail.com,9756256893,Test@123,1
TTT894,Test,Male,1988-01-05,TTT894@yopmail.com,9756256894,Test@123,1
TTT895,Test,Male,1988-01-05,TTT895@yopmail.com,9756256895,Test@123,1
TTT896,Test,Male,1988-01-05,TTT896@yopmail.com,9756256896,Test@123,1
TTT897,Test,Male,1988-01-05,TTT897@yopmail.com,9756256897,Test@123,1
TTT898,Test,Male,1988-01-05,TTT898@yopmail.com,9756256898,Test@123,1
TTT899,Test,Male,1988-01-05,TTT899@yopmail.com,9756256899,Test@123,1
TTT900,Test,Male,1988-01-05,TTT900@yopmail.com,9756256900,Test@123,1
TTT901,Test,Male,1988-01-05,TTT901@yopmail.com,9756256901,Test@123,1
TTT902,Test,Male,1988-01-05,TTT902@yopmail.com,9756256902,Test@123,1
TTT903,Test,Male,1988-01-05,TTT903@yopmail.com,9756256903,Test@123,1
TTT904,Test,Male,1988-01-05,TTT904@yopmail.com,9756256904,Test@123,1
TTT905,Test,Male,1988-01-05,TTT905@yopmail.com,9756256905,Test@123,1
TTT906,Test,Male,1988-01-05,TTT906@yopmail.com,9756256906,Test@123,1
TTT907,Test,Male,1988-01-05,TTT907@yopmail.com,9756256907,Test@123,1
TTT908,Test,Male,1988-01-05,TTT908@yopmail.com,9756256908,Test@123,1
TTT909,Test,Male,1988-01-05,TTT909@yopmail.com,9756256909,Test@123,1
TTT910,Test,Male,1988-01-05,TTT910@yopmail.com,9756256910,Test@123,1
TTT911,Test,Male,1988-01-05,TTT911@yopmail.com,9756256911,Test@123,1
TTT912,Test,Male,1988-01-05,TTT912@yopmail.com,9756256912,Test@123,1
TTT913,Test,Male,1988-01-05,TTT913@yopmail.com,9756256913,Test@123,1
TTT914,Test,Male,1988-01-05,TTT914@yopmail.com,9756256914,Test@123,1
TTT915,Test,Male,1988-01-05,TTT915@yopmail.com,9756256915,Test@123,1
TTT916,Test,Male,1988-01-05,TTT916@yopmail.com,9756256916,Test@123,1
TTT917,Test,Male,1988-01-05,TTT917@yopmail.com,9756256917,Test@123,1
TTT918,Test,Male,1988-01-05,TTT918@yopmail.com,9756256918,Test@123,1
TTT919,Test,Male,1988-01-05,TTT919@yopmail.com,9756256919,Test@123,1
TTT920,Test,Male,1988-01-05,TTT920@yopmail.com,9756256920,Test@123,1
TTT921,Test,Male,1988-01-05,TTT921@yopmail.com,9756256921,Test@123,1
TTT922,Test,Male,1988-01-05,TTT922@yopmail.com,9756256922,Test@123,1
TTT923,Test,Male,1988-01-05,TTT923@yopmail.com,9756256923,Test@123,1
TTT924,Test,Male,1988-01-05,TTT924@yopmail.com,9756256924,Test@123,1
TTT925,Test,Male,1988-01-05,TTT925@yopmail.com,9756256925,Test@123,1
TTT926,Test,Male,1988-01-05,TTT926@yopmail.com,9756256926,Test@123,1
TTT927,Test,Male,1988-01-05,TTT927@yopmail.com,9756256927,Test@123,1
TTT928,Test,Male,1988-01-05,TTT928@yopmail.com,9756256928,Test@123,1
TTT929,Test,Male,1988-01-05,TTT929@yopmail.com,9756256929,Test@123,1
TTT930,Test,Male,1988-01-05,TTT930@yopmail.com,9756256930,Test@123,1
TTT931,Test,Male,1988-01-05,TTT931@yopmail.com,9756256931,Test@123,1
TTT932,Test,Male,1988-01-05,TTT932@yopmail.com,9756256932,Test@123,1
TTT933,Test,Male,1988-01-05,TTT933@yopmail.com,9756256933,Test@123,1
TTT934,Test,Male,1988-01-05,TTT934@yopmail.com,9756256934,Test@123,1
TTT935,Test,Male,1988-01-05,TTT935@yopmail.com,9756256935,Test@123,1
TTT936,Test,Male,1988-01-05,TTT936@yopmail.com,9756256936,Test@123,1
TTT937,Test,Male,1988-01-05,TTT937@yopmail.com,9756256937,Test@123,1
TTT938,Test,Male,1988-01-05,TTT938@yopmail.com,9756256938,Test@123,1
TTT939,Test,Male,1988-01-05,TTT939@yopmail.com,9756256939,Test@123,1
TTT940,Test,Male,1988-01-05,TTT940@yopmail.com,9756256940,Test@123,1
TTT941,Test,Male,1988-01-05,TTT941@yopmail.com,9756256941,Test@123,1
TTT942,Test,Male,1988-01-05,TTT942@yopmail.com,9756256942,Test@123,1
TTT943,Test,Male,1988-01-05,TTT943@yopmail.com,9756256943,Test@123,1
TTT944,Test,Male,1988-01-05,TTT944@yopmail.com,9756256944,Test@123,1
TTT945,Test,Male,1988-01-05,TTT945@yopmail.com,9756256945,Test@123,1
TTT946,Test,Male,1988-01-05,TTT946@yopmail.com,9756256946,Test@123,1
TTT947,Test,Male,1988-01-05,TTT947@yopmail.com,9756256947,Test@123,1
TTT948,Test,Male,1988-01-05,TTT948@yopmail.com,9756256948,Test@123,1
TTT949,Test,Male,1988-01-05,TTT949@yopmail.com,9756256949,Test@123,1
TTT950,Test,Male,1988-01-05,TTT950@yopmail.com,9756256950,Test@123,1
TTT951,Test,Male,1988-01-05,TTT951@yopmail.com,9756256951,Test@123,1
TTT952,Test,Male,1988-01-05,TTT952@yopmail.com,9756256952,Test@123,1
TTT953,Test,Male,1988-01-05,TTT953@yopmail.com,9756256953,Test@123,1
TTT954,Test,Male,1988-01-05,TTT954@yopmail.com,9756256954,Test@123,1
TTT955,Test,Male,1988-01-05,TTT955@yopmail.com,9756256955,Test@123,1
TTT956,Test,Male,1988-01-05,TTT956@yopmail.com,9756256956,Test@123,1
TTT957,Test,Male,1988-01-05,TTT957@yopmail.com,9756256957,Test@123,1
TTT958,Test,Male,1988-01-05,TTT958@yopmail.com,9756256958,Test@123,1
TTT959,Test,Male,1988-01-05,TTT959@yopmail.com,9756256959,Test@123,1
TTT960,Test,Male,1988-01-05,TTT960@yopmail.com,9756256960,Test@123,1
TTT961,Test,Male,1988-01-05,TTT961@yopmail.com,9756256961,Test@123,1
TTT962,Test,Male,1988-01-05,TTT962@yopmail.com,9756256962,Test@123,1
TTT963,Test,Male,1988-01-05,TTT963@yopmail.com,9756256963,Test@123,1
TTT964,Test,Male,1988-01-05,TTT964@yopmail.com,9756256964,Test@123,1
TTT965,Test,Male,1988-01-05,TTT965@yopmail.com,9756256965,Test@123,1
TTT966,Test,Male,1988-01-05,TTT966@yopmail.com,9756256966,Test@123,1
TTT967,Test,Male,1988-01-05,TTT967@yopmail.com,9756256967,Test@123,1
TTT968,Test,Male,1988-01-05,TTT968@yopmail.com,9756256968,Test@123,1
TTT969,Test,Male,1988-01-05,TTT969@yopmail.com,9756256969,Test@123,1
TTT970,Test,Male,1988-01-05,TTT970@yopmail.com,9756256970,Test@123,1
TTT971,Test,Male,1988-01-05,TTT971@yopmail.com,9756256971,Test@123,1
TTT972,Test,Male,1988-01-05,TTT972@yopmail.com,9756256972,Test@123,1
TTT973,Test,Male,1988-01-05,TTT973@yopmail.com,9756256973,Test@123,1
TTT974,Test,Male,1988-01-05,TTT974@yopmail.com,9756256974,Test@123,1
TTT975,Test,Male,1988-01-05,TTT975@yopmail.com,9756256975,Test@123,1
TTT976,Test,Male,1988-01-05,TTT976@yopmail.com,9756256976,Test@123,1
TTT977,Test,Male,1988-01-05,TTT977@yopmail.com,9756256977,Test@123,1
TTT978,Test,Male,1988-01-05,TTT978@yopmail.com,9756256978,Test@123,1
TTT979,Test,Male,1988-01-05,TTT979@yopmail.com,9756256979,Test@123,1
TTT980,Test,Male,1988-01-05,TTT980@yopmail.com,9756256980,Test@123,1
TTT981,Test,Male,1988-01-05,TTT981@yopmail.com,9756256981,Test@123,1
TTT982,Test,Male,1988-01-05,TTT982@yopmail.com,9756256982,Test@123,1
TTT983,Test,Male,1988-01-05,TTT983@yopmail.com,9756256983,Test@123,1
TTT984,Test,Male,1988-01-05,TTT984@yopmail.com,9756256984,Test@123,1
TTT985,Test,Male,1988-01-05,TTT985@yopmail.com,9756256985,Test@123,1
TTT986,Test,Male,1988-01-05,TTT986@yopmail.com,9756256986,Test@123,1
TTT987,Test,Male,1988-01-05,TTT987@yopmail.com,9756256987,Test@123,1
TTT988,Test,Male,1988-01-05,TTT988@yopmail.com,9756256988,Test@123,1
TTT989,Test,Male,1988-01-05,TTT989@yopmail.com,9756256989,Test@123,1
TTT990,Test,Male,1988-01-05,TTT990@yopmail.com,9756256990,Test@123,1
TTT991,Test,Male,1988-01-05,TTT991@yopmail.com,9756256991,Test@123,1
TTT992,Test,Male,1988-01-05,TTT992@yopmail.com,9756256992,Test@123,1
TTT993,Test,Male,1988-01-05,TTT993@yopmail.com,9756256993,Test@123,1
TTT994,Test,Male,1988-01-05,TTT994@yopmail.com,9756256994,Test@123,1
TTT995,Test,Male,1988-01-05,TTT995@yopmail.com,9756256995,Test@123,1
TTT996,Test,Male,1988-01-05,TTT996@yopmail.com,9756256996,Test@123,1
TTT997,Test,Male,1988-01-05,TTT997@yopmail.com,9756256997,Test@123,1
TTT998,Test,Male,1988-01-05,TTT998@yopmail.com,9756256998,Test@123,1
TTT999,Test,Male,1988-01-05,TTT999@yopmail.com,9756256999,Test@123,1
TTT1000,Test,Male,1988-01-05,TTT1000@yopmail.com,97562561000,Test@123,1
TTT1001,Test,Male,1988-01-05,TTT1001@yopmail.com,9756251001,Test@123,1
TTT1002,Test,Male,1988-01-05,TTT1002@yopmail.com,9756251002,Test@123,1
TTT1003,Test,Male,1988-01-05,TTT1003@yopmail.com,9756251003,Test@123,1
TTT1004,Test,Male,1988-01-05,TTT1004@yopmail.com,9756251004,Test@123,1
TTT1005,Test,Male,1988-01-05,TTT1005@yopmail.com,9756251005,Test@123,1
TTT1006,Test,Male,1988-01-05,TTT1006@yopmail.com,9756251006,Test@123,1
TTT1007,Test,Male,1988-01-05,TTT1007@yopmail.com,9756251007,Test@123,1
TTT1008,Test,Male,1988-01-05,TTT1008@yopmail.com,9756251008,Test@123,1
TTT1009,Test,Male,1988-01-05,TTT1009@yopmail.com,9756251009,Test@123,1
TTT1010,Test,Male,1988-01-05,TTT1010@yopmail.com,9756251010,Test@123,1
TTT1011,Test,Male,1988-01-05,TTT1011@yopmail.com,9756251011,Test@123,1
TTT1012,Test,Male,1988-01-05,TTT1012@yopmail.com,9756251012,Test@123,1
TTT1013,Test,Male,1988-01-05,TTT1013@yopmail.com,9756251013,Test@123,1
TTT1014,Test,Male,1988-01-05,TTT1014@yopmail.com,9756251014,Test@123,1
TTT1015,Test,Male,1988-01-05,TTT1015@yopmail.com,9756251015,Test@123,1
TTT1016,Test,Male,1988-01-05,TTT1016@yopmail.com,9756251016,Test@123,1
TTT1017,Test,Male,1988-01-05,TTT1017@yopmail.com,9756251017,Test@123,1
TTT1018,Test,Male,1988-01-05,TTT1018@yopmail.com,9756251018,Test@123,1
TTT1019,Test,Male,1988-01-05,TTT1019@yopmail.com,9756251019,Test@123,1
TTT1020,Test,Male,1988-01-05,TTT1020@yopmail.com,9756251020,Test@123,1
TTT1021,Test,Male,1988-01-05,TTT1021@yopmail.com,9756251021,Test@123,1
TTT1022,Test,Male,1988-01-05,TTT1022@yopmail.com,9756251022,Test@123,1
TTT1023,Test,Male,1988-01-05,TTT1023@yopmail.com,9756251023,Test@123,1
TTT1024,Test,Male,1988-01-05,TTT1024@yopmail.com,9756251024,Test@123,1
TTT1025,Test,Male,1988-01-05,TTT1025@yopmail.com,9756251025,Test@123,1
TTT1026,Test,Male,1988-01-05,TTT1026@yopmail.com,9756251026,Test@123,1
TTT1027,Test,Male,1988-01-05,TTT1027@yopmail.com,9756251027,Test@123,1
TTT1028,Test,Male,1988-01-05,TTT1028@yopmail.com,9756251028,Test@123,1
TTT1029,Test,Male,1988-01-05,TTT1029@yopmail.com,9756251029,Test@123,1
TTT1030,Test,Male,1988-01-05,TTT1030@yopmail.com,9756251030,Test@123,1
TTT1031,Test,Male,1988-01-05,TTT1031@yopmail.com,9756251031,Test@123,1
TTT1032,Test,Male,1988-01-05,TTT1032@yopmail.com,9756251032,Test@123,1
TTT1033,Test,Male,1988-01-05,TTT1033@yopmail.com,9756251033,Test@123,1
TTT1034,Test,Male,1988-01-05,TTT1034@yopmail.com,9756251034,Test@123,1
TTT1035,Test,Male,1988-01-05,TTT1035@yopmail.com,9756251035,Test@123,1
TTT1036,Test,Male,1988-01-05,TTT1036@yopmail.com,9756251036,Test@123,1
TTT1037,Test,Male,1988-01-05,TTT1037@yopmail.com,9756251037,Test@123,1
TTT1038,Test,Male,1988-01-05,TTT1038@yopmail.com,9756251038,Test@123,1
TTT1039,Test,Male,1988-01-05,TTT1039@yopmail.com,9756251039,Test@123,1
TTT1040,Test,Male,1988-01-05,TTT1040@yopmail.com,9756251040,Test@123,1
TTT1041,Test,Male,1988-01-05,TTT1041@yopmail.com,9756251041,Test@123,1
TTT1042,Test,Male,1988-01-05,TTT1042@yopmail.com,9756251042,Test@123,1
TTT1043,Test,Male,1988-01-05,TTT1043@yopmail.com,9756251043,Test@123,1
TTT1044,Test,Male,1988-01-05,TTT1044@yopmail.com,9756251044,Test@123,1
TTT1045,Test,Male,1988-01-05,TTT1045@yopmail.com,9756251045,Test@123,1
TTT1046,Test,Male,1988-01-05,TTT1046@yopmail.com,9756251046,Test@123,1
TTT1047,Test,Male,1988-01-05,TTT1047@yopmail.com,9756251047,Test@123,1
TTT1048,Test,Male,1988-01-05,TTT1048@yopmail.com,9756251048,Test@123,1
TTT1049,Test,Male,1988-01-05,TTT1049@yopmail.com,9756251049,Test@123,1
TTT1050,Test,Male,1988-01-05,TTT1050@yopmail.com,9756251050,Test@123,1
TTT1051,Test,Male,1988-01-05,TTT1051@yopmail.com,9756251051,Test@123,1
TTT1052,Test,Male,1988-01-05,TTT1052@yopmail.com,9756251052,Test@123,1
TTT1053,Test,Male,1988-01-05,TTT1053@yopmail.com,9756251053,Test@123,1
TTT1054,Test,Male,1988-01-05,TTT1054@yopmail.com,9756251054,Test@123,1
TTT1055,Test,Male,1988-01-05,TTT1055@yopmail.com,9756251055,Test@123,1
TTT1056,Test,Male,1988-01-05,TTT1056@yopmail.com,9756251056,Test@123,1
TTT1057,Test,Male,1988-01-05,TTT1057@yopmail.com,9756251057,Test@123,1
TTT1058,Test,Male,1988-01-05,TTT1058@yopmail.com,9756251058,Test@123,1
TTT1059,Test,Male,1988-01-05,TTT1059@yopmail.com,9756251059,Test@123,1
TTT1060,Test,Male,1988-01-05,TTT1060@yopmail.com,9756251060,Test@123,1
TTT1061,Test,Male,1988-01-05,TTT1061@yopmail.com,9756251061,Test@123,1
TTT1062,Test,Male,1988-01-05,TTT1062@yopmail.com,9756251062,Test@123,1
TTT1063,Test,Male,1988-01-05,TTT1063@yopmail.com,9756251063,Test@123,1
TTT1064,Test,Male,1988-01-05,TTT1064@yopmail.com,9756251064,Test@123,1
TTT1065,Test,Male,1988-01-05,TTT1065@yopmail.com,9756251065,Test@123,1
TTT1066,Test,Male,1988-01-05,TTT1066@yopmail.com,9756251066,Test@123,1
TTT1067,Test,Male,1988-01-05,TTT1067@yopmail.com,9756251067,Test@123,1
TTT1068,Test,Male,1988-01-05,TTT1068@yopmail.com,9756251068,Test@123,1
TTT1069,Test,Male,1988-01-05,TTT1069@yopmail.com,9756251069,Test@123,1
TTT1070,Test,Male,1988-01-05,TTT1070@yopmail.com,9756251070,Test@123,1
TTT1071,Test,Male,1988-01-05,TTT1071@yopmail.com,9756251071,Test@123,1
TTT1072,Test,Male,1988-01-05,TTT1072@yopmail.com,9756251072,Test@123,1
TTT1073,Test,Male,1988-01-05,TTT1073@yopmail.com,9756251073,Test@123,1
TTT1074,Test,Male,1988-01-05,TTT1074@yopmail.com,9756251074,Test@123,1
TTT1075,Test,Male,1988-01-05,TTT1075@yopmail.com,9756251075,Test@123,1
TTT1076,Test,Male,1988-01-05,TTT1076@yopmail.com,9756251076,Test@123,1
TTT1077,Test,Male,1988-01-05,TTT1077@yopmail.com,9756251077,Test@123,1
TTT1078,Test,Male,1988-01-05,TTT1078@yopmail.com,9756251078,Test@123,1
TTT1079,Test,Male,1988-01-05,TTT1079@yopmail.com,9756251079,Test@123,1
TTT1080,Test,Male,1988-01-05,TTT1080@yopmail.com,9756251080,Test@123,1
TTT1081,Test,Male,1988-01-05,TTT1081@yopmail.com,9756251081,Test@123,1
TTT1082,Test,Male,1988-01-05,TTT1082@yopmail.com,9756251082,Test@123,1
TTT1083,Test,Male,1988-01-05,TTT1083@yopmail.com,9756251083,Test@123,1
TTT1084,Test,Male,1988-01-05,TTT1084@yopmail.com,9756251084,Test@123,1
TTT1085,Test,Male,1988-01-05,TTT1085@yopmail.com,9756251085,Test@123,1
TTT1086,Test,Male,1988-01-05,TTT1086@yopmail.com,9756251086,Test@123,1
TTT1087,Test,Male,1988-01-05,TTT1087@yopmail.com,9756251087,Test@123,1
TTT1088,Test,Male,1988-01-05,TTT1088@yopmail.com,9756251088,Test@123,1
TTT1089,Test,Male,1988-01-05,TTT1089@yopmail.com,9756251089,Test@123,1
TTT1090,Test,Male,1988-01-05,TTT1090@yopmail.com,9756251090,Test@123,1
TTT1091,Test,Male,1988-01-05,TTT1091@yopmail.com,9756251091,Test@123,1
TTT1092,Test,Male,1988-01-05,TTT1092@yopmail.com,9756251092,Test@123,1
TTT1093,Test,Male,1988-01-05,TTT1093@yopmail.com,9756251093,Test@123,1
TTT1094,Test,Male,1988-01-05,TTT1094@yopmail.com,9756251094,Test@123,1
TTT1095,Test,Male,1988-01-05,TTT1095@yopmail.com,9756251095,Test@123,1
TTT1096,Test,Male,1988-01-05,TTT1096@yopmail.com,9756251096,Test@123,1
TTT1097,Test,Male,1988-01-05,TTT1097@yopmail.com,9756251097,Test@123,1
TTT1098,Test,Male,1988-01-05,TTT1098@yopmail.com,9756251098,Test@123,1
TTT1099,Test,Male,1988-01-05,TTT1099@yopmail.com,9756251099,Test@123,1
TTT1100,Test,Male,1988-01-05,TTT1100@yopmail.com,9756251100,Test@123,1
TTT1101,Test,Male,1988-01-05,TTT1101@yopmail.com,9756251101,Test@123,1
TTT1102,Test,Male,1988-01-05,TTT1102@yopmail.com,9756251102,Test@123,1
TTT1103,Test,Male,1988-01-05,TTT1103@yopmail.com,9756251103,Test@123,1
TTT1104,Test,Male,1988-01-05,TTT1104@yopmail.com,9756251104,Test@123,1
TTT1105,Test,Male,1988-01-05,TTT1105@yopmail.com,9756251105,Test@123,1
TTT1106,Test,Male,1988-01-05,TTT1106@yopmail.com,9756251106,Test@123,1
TTT1107,Test,Male,1988-01-05,TTT1107@yopmail.com,9756251107,Test@123,1
TTT1108,Test,Male,1988-01-05,TTT1108@yopmail.com,9756251108,Test@123,1
TTT1109,Test,Male,1988-01-05,TTT1109@yopmail.com,9756251109,Test@123,1
TTT1110,Test,Male,1988-01-05,TTT1110@yopmail.com,9756251110,Test@123,1
TTT1111,Test,Male,1988-01-05,TTT1111@yopmail.com,9756251111,Test@123,1
TTT1112,Test,Male,1988-01-05,TTT1112@yopmail.com,9756251112,Test@123,1
TTT1113,Test,Male,1988-01-05,TTT1113@yopmail.com,9756251113,Test@123,1
TTT1114,Test,Male,1988-01-05,TTT1114@yopmail.com,9756251114,Test@123,1
TTT1115,Test,Male,1988-01-05,TTT1115@yopmail.com,9756251115,Test@123,1
TTT1116,Test,Male,1988-01-05,TTT1116@yopmail.com,9756251116,Test@123,1
TTT1117,Test,Male,1988-01-05,TTT1117@yopmail.com,9756251117,Test@123,1
TTT1118,Test,Male,1988-01-05,TTT1118@yopmail.com,9756251118,Test@123,1
TTT1119,Test,Male,1988-01-05,TTT1119@yopmail.com,9756251119,Test@123,1
TTT1120,Test,Male,1988-01-05,TTT1120@yopmail.com,9756251120,Test@123,1
TTT1121,Test,Male,1988-01-05,TTT1121@yopmail.com,9756251121,Test@123,1
TTT1122,Test,Male,1988-01-05,TTT1122@yopmail.com,9756251122,Test@123,1
TTT1123,Test,Male,1988-01-05,TTT1123@yopmail.com,9756251123,Test@123,1
TTT1124,Test,Male,1988-01-05,TTT1124@yopmail.com,9756251124,Test@123,1
TTT1125,Test,Male,1988-01-05,TTT1125@yopmail.com,9756251125,Test@123,1
TTT1126,Test,Male,1988-01-05,TTT1126@yopmail.com,9756251126,Test@123,1
TTT1127,Test,Male,1988-01-05,TTT1127@yopmail.com,9756251127,Test@123,1
TTT1128,Test,Male,1988-01-05,TTT1128@yopmail.com,9756251128,Test@123,1
TTT1129,Test,Male,1988-01-05,TTT1129@yopmail.com,9756251129,Test@123,1
TTT1130,Test,Male,1988-01-05,TTT1130@yopmail.com,9756251130,Test@123,1
TTT1131,Test,Male,1988-01-05,TTT1131@yopmail.com,9756251131,Test@123,1
TTT1132,Test,Male,1988-01-05,TTT1132@yopmail.com,9756251132,Test@123,1
TTT1133,Test,Male,1988-01-05,TTT1133@yopmail.com,9756251133,Test@123,1
TTT1134,Test,Male,1988-01-05,TTT1134@yopmail.com,9756251134,Test@123,1
TTT1135,Test,Male,1988-01-05,TTT1135@yopmail.com,9756251135,Test@123,1
TTT1136,Test,Male,1988-01-05,TTT1136@yopmail.com,9756251136,Test@123,1
TTT1137,Test,Male,1988-01-05,TTT1137@yopmail.com,9756251137,Test@123,1
TTT1138,Test,Male,1988-01-05,TTT1138@yopmail.com,9756251138,Test@123,1
TTT1139,Test,Male,1988-01-05,TTT1139@yopmail.com,9756251139,Test@123,1
TTT1140,Test,Male,1988-01-05,TTT1140@yopmail.com,9756251140,Test@123,1
TTT1141,Test,Male,1988-01-05,TTT1141@yopmail.com,9756251141,Test@123,1
TTT1142,Test,Male,1988-01-05,TTT1142@yopmail.com,9756251142,Test@123,1
TTT1143,Test,Male,1988-01-05,TTT1143@yopmail.com,9756251143,Test@123,1
TTT1144,Test,Male,1988-01-05,TTT1144@yopmail.com,9756251144,Test@123,1
TTT1145,Test,Male,1988-01-05,TTT1145@yopmail.com,9756251145,Test@123,1
TTT1146,Test,Male,1988-01-05,TTT1146@yopmail.com,9756251146,Test@123,1
TTT1147,Test,Male,1988-01-05,TTT1147@yopmail.com,9756251147,Test@123,1
TTT1148,Test,Male,1988-01-05,TTT1148@yopmail.com,9756251148,Test@123,1
TTT1149,Test,Male,1988-01-05,TTT1149@yopmail.com,9756251149,Test@123,1
TTT1150,Test,Male,1988-01-05,TTT1150@yopmail.com,9756251150,Test@123,1
TTT1151,Test,Male,1988-01-05,TTT1151@yopmail.com,9756251151,Test@123,1
TTT1152,Test,Male,1988-01-05,TTT1152@yopmail.com,9756251152,Test@123,1
TTT1153,Test,Male,1988-01-05,TTT1153@yopmail.com,9756251153,Test@123,1
TTT1154,Test,Male,1988-01-05,TTT1154@yopmail.com,9756251154,Test@123,1
TTT1155,Test,Male,1988-01-05,TTT1155@yopmail.com,9756251155,Test@123,1
TTT1156,Test,Male,1988-01-05,TTT1156@yopmail.com,9756251156,Test@123,1
TTT1157,Test,Male,1988-01-05,TTT1157@yopmail.com,9756251157,Test@123,1
TTT1158,Test,Male,1988-01-05,TTT1158@yopmail.com,9756251158,Test@123,1
TTT1159,Test,Male,1988-01-05,TTT1159@yopmail.com,9756251159,Test@123,1
TTT1160,Test,Male,1988-01-05,TTT1160@yopmail.com,9756251160,Test@123,1
TTT1161,Test,Male,1988-01-05,TTT1161@yopmail.com,9756251161,Test@123,1
TTT1162,Test,Male,1988-01-05,TTT1162@yopmail.com,9756251162,Test@123,1
TTT1163,Test,Male,1988-01-05,TTT1163@yopmail.com,9756251163,Test@123,1
TTT1164,Test,Male,1988-01-05,TTT1164@yopmail.com,9756251164,Test@123,1
TTT1165,Test,Male,1988-01-05,TTT1165@yopmail.com,9756251165,Test@123,1
TTT1166,Test,Male,1988-01-05,TTT1166@yopmail.com,9756251166,Test@123,1
TTT1167,Test,Male,1988-01-05,TTT1167@yopmail.com,9756251167,Test@123,1
TTT1168,Test,Male,1988-01-05,TTT1168@yopmail.com,9756251168,Test@123,1
TTT1169,Test,Male,1988-01-05,TTT1169@yopmail.com,9756251169,Test@123,1
TTT1170,Test,Male,1988-01-05,TTT1170@yopmail.com,9756251170,Test@123,1
TTT1171,Test,Male,1988-01-05,TTT1171@yopmail.com,9756251171,Test@123,1
TTT1172,Test,Male,1988-01-05,TTT1172@yopmail.com,9756251172,Test@123,1
TTT1173,Test,Male,1988-01-05,TTT1173@yopmail.com,9756251173,Test@123,1
TTT1174,Test,Male,1988-01-05,TTT1174@yopmail.com,9756251174,Test@123,1
TTT1175,Test,Male,1988-01-05,TTT1175@yopmail.com,9756251175,Test@123,1
TTT1176,Test,Male,1988-01-05,TTT1176@yopmail.com,9756251176,Test@123,1
TTT1177,Test,Male,1988-01-05,TTT1177@yopmail.com,9756251177,Test@123,1
TTT1178,Test,Male,1988-01-05,TTT1178@yopmail.com,9756251178,Test@123,1
TTT1179,Test,Male,1988-01-05,TTT1179@yopmail.com,9756251179,Test@123,1
TTT1180,Test,Male,1988-01-05,TTT1180@yopmail.com,9756251180,Test@123,1
TTT1181,Test,Male,1988-01-05,TTT1181@yopmail.com,9756251181,Test@123,1
TTT1182,Test,Male,1988-01-05,TTT1182@yopmail.com,9756251182,Test@123,1
TTT1183,Test,Male,1988-01-05,TTT1183@yopmail.com,9756251183,Test@123,1
TTT1184,Test,Male,1988-01-05,TTT1184@yopmail.com,9756251184,Test@123,1
TTT1185,Test,Male,1988-01-05,TTT1185@yopmail.com,9756251185,Test@123,1
TTT1186,Test,Male,1988-01-05,TTT1186@yopmail.com,9756251186,Test@123,1
TTT1187,Test,Male,1988-01-05,TTT1187@yopmail.com,9756251187,Test@123,1
TTT1188,Test,Male,1988-01-05,TTT1188@yopmail.com,9756251188,Test@123,1
TTT1189,Test,Male,1988-01-05,TTT1189@yopmail.com,9756251189,Test@123,1
TTT1190,Test,Male,1988-01-05,TTT1190@yopmail.com,9756251190,Test@123,1
TTT1191,Test,Male,1988-01-05,TTT1191@yopmail.com,9756251191,Test@123,1
TTT1192,Test,Male,1988-01-05,TTT1192@yopmail.com,9756251192,Test@123,1
TTT1193,Test,Male,1988-01-05,TTT1193@yopmail.com,9756251193,Test@123,1
TTT1194,Test,Male,1988-01-05,TTT1194@yopmail.com,9756251194,Test@123,1
TTT1195,Test,Male,1988-01-05,TTT1195@yopmail.com,9756251195,Test@123,1
TTT1196,Test,Male,1988-01-05,TTT1196@yopmail.com,9756251196,Test@123,1
TTT1197,Test,Male,1988-01-05,TTT1197@yopmail.com,9756251197,Test@123,1
TTT1198,Test,Male,1988-01-05,TTT1198@yopmail.com,9756251198,Test@123,1
TTT1199,Test,Male,1988-01-05,TTT1199@yopmail.com,9756251199,Test@123,1
TTT1200,Test,Male,1988-01-05,TTT1200@yopmail.com,9756251200,Test@123,1
